kalman_q_price,kalman_q_vel,kalman_r,entry_threshold,exit_threshold,stop_loss_pct,start_time,end_time,duration,total_bars,trade_count,initial_market_value,end_market_value,total_pnl,unrealized_pnl,total_return_pct,annualized_return,volatility,total_profit,total_loss,total_commission,max_drawdown,max_drawdown_pct,win_rate,loss_rate,winning_trades,losing_trades,avg_pnl,avg_return_pct,avg_trade_bars,avg_profit,avg_profit_pct,avg_winning_trade_bars,avg_loss,avg_loss_pct,avg_losing_trade_bars,largest_win,largest_win_pct,largest_win_bars,largest_loss,largest_loss_pct,largest_loss_bars,max_wins,max_losses,sharpe_ratio,sortino_ratio,profit_factor,ulcer_index,upi,equity_r2,std_error,calmar_ratio,exposure_time_pct,var_95,var_99,cvar_95,cvar_99,sqn,kelly_criterion,max_leverage,min_margin_level,_duration,error,total_return
0.001,1e-06,0.01,0.03,0.005,0.03,2026-01-05 00:00:00+08:00,2026-07-15 00:00:00+08:00,191 days,127.0,1.0,100000.0,111889.2776,3231.0,8833.0,11.8892776,0.2394656930631831,0.13132797589822245,3231.0,0.0,174.7224,3322.0,3.0212832873296724,100.0,0.0,1.0,0.0,3231.0,3.617857502771339,4.0,3231.0,3.617857502771339,4.0,0.0,0.0,0.0,3231.0,3.617857502771339,4.0,0.0,0.0,0.0,1.0,0.0,1.823417222608883,4.3788340197187745,inf,0.013128653571055492,18.239927785978665,0.6471349102225967,1334.5362983927348,7.925959610190416,9.523809523809524,-0.001437921,-0.01502515527236338,-0.011481047592012409,-0.02261899407283005,0.0,0.0,0.9021061013624776,1.1085170563525402,0.6043801307678223,,
0.001,1e-06,0.01,0.03,0.005,0.05,2026-01-05 00:00:00+08:00,2026-07-15 00:00:00+08:00,191 days,127.0,1.0,100000.0,111889.2776,3231.0,8833.0,11.8892776,0.2394656930631831,0.13132797589822245,3231.0,0.0,174.7224,3322.0,3.0212832873296724,100.0,0.0,1.0,0.0,3231.0,3.617857502771339,4.0,3231.0,3.617857502771339,4.0,0.0,0.0,0.0,3231.0,3.617857502771339,4.0,0.0,0.0,0.0,1.0,0.0,1.823417222608883,4.3788340197187745,inf,0.013128653571055492,18.239927785978665,0.6471349102225967,1334.5362983927348,7.925959610190416,9.523809523809524,-0.001437921,-0.01502515527236338,-0.011481047592012409,-0.02261899407283005,0.0,0.0,0.9021061013624776,1.1085170563525402,0.6057281494140625,,
0.001,1e-06,0.01,0.03,0.005,0.08,2026-01-05 00:00:00+08:00,2026-07-15 00:00:00+08:00,191 days,127.0,1.0,100000.0,111889.2776,3231.0,8833.0,11.8892776,0.2394656930631831,0.13132797589822245,3231.0,0.0,174.7224,3322.0,3.0212832873296724,100.0,0.0,1.0,0.0,3231.0,3.617857502771339,4.0,3231.0,3.617857502771339,4.0,0.0,0.0,0.0,3231.0,3.617857502771339,4.0,0.0,0.0,0.0,1.0,0.0,1.823417222608883,4.3788340197187745,inf,0.013128653571055492,18.239927785978665,0.6471349102225967,1334.5362983927348,7.925959610190416,9.523809523809524,-0.001437921,-0.01502515527236338,-0.011481047592012409,-0.02261899407283005,0.0,0.0,0.9021061013624776,1.1085170563525402,0.6161477565765381,,
0.001,1e-06,0.01,0.03,0.01,0.03,2026-01-05 00:00:00+08:00,2026-07-15 00:00:00+08:00,191 days,127.0,1.0,100000.0,110244.4187,1584.0,8833.0,10.2444187,0.20487852393281614,0.1342665509428381,1584.0,0.0,172.5813,3385.1583,3.229366925652677,100.0,0.0,1.0,0.0,1584.0,1.7736571601330242,5.0,1584.0,1.7736571601330242,5.0,0.0,0.0,0.0,1584.0,1.7736571601330242,5.0,0.0,0.0,0.0,1.0,0.0,1.5259088916348198,3.5228366941905143,inf,0.024587635000219932,8.332583590531726,0.433339683326153,1304.885098453091,6.344231815386194,10.317460317460316,-0.007321447717136422,-0.01502515527236338,-0.013698934536586797,-0.02284841228261624,0.0,0.0,0.9155656240037846,1.0922209984544662,0.7002849578857422,,
0.001,1e-06,0.01,0.03,0.01,0.05,2026-01-05 00:00:00+08:00,2026-07-15 00:00:00+08:00,191 days,127.0,1.0,100000.0,110244.4187,1584.0,8833.0,10.2444187,0.20487852393281614,0.1342665509428381,1584.0,0.0,172.5813,3385.1583,3.229366925652677,100.0,0.0,1.0,0.0,1584.0,1.7736571601330242,5.0,1584.0,1.7736571601330242,5.0,0.0,0.0,0.0,1584.0,1.7736571601330242,5.0,0.0,0.0,0.0,1.0,0.0,1.5259088916348198,3.5228366941905143,inf,0.024587635000219932,8.332583590531726,0.433339683326153,1304.885098453091,6.344231815386194,10.317460317460316,-0.007321447717136422,-0.01502515527236338,-0.013698934536586797,-0.02284841228261624,0.0,0.0,0.9155656240037846,1.0922209984544662,0.776087760925293,,
0.001,1e-06,0.01,0.03,0.01,0.08,2026-01-05 00:00:00+08:00,2026-07-15 00:00:00+08:00,191 days,127.0,1.0,100000.0,110244.4187,1584.0,8833.0,10.2444187,0.20487852393281614,0.1342665509428381,1584.0,0.0,172.5813,3385.1583,3.229366925652677,100.0,0.0,1.0,0.0,1584.0,1.7736571601330242,5.0,1584.0,1.7736571601330242,5.0,0.0,0.0,0.0,1584.0,1.7736571601330242,5.0,0.0,0.0,0.0,1.0,0.0,1.5259088916348198,3.5228366941905143,inf,0.024587635000219932,8.332583590531726,0.433339683326153,1304.885098453091,6.344231815386194,10.317460317460316,-0.007321447717136422,-0.01502515527236338,-0.013698934536586797,-0.02284841228261624,0.0,0.0,0.9155656240037846,1.0922209984544662,0.6990494728088379,,
0.0001,1e-06,0.001,0.02,0.005,0.03,2026-01-05 00:00:00+08:00,2026-07-15 00:00:00+08:00,191 days,127.0,3.0,100000.0,108372.6086,9.0,8833.0,8.372608600000001,0.16608721494707224,0.14550561709454568,3231.0,-3222.0,469.3914,5926.6305,5.626079776643143,33.33333333333333,66.66666666666666,1.0,2.0,3.0,0.0640146044031621,3.6666666666666665,3231.0,3.617857502771339,4.0,-1611.0,-1.7129068447809266,3.5,3231.0,3.617857502771339,4.0,-3141.0,-3.338435048785154,2.0,1.0,2.0,1.1414488200765005,2.3499171412477895,1.0027932960893855,0.03292452099126734,5.044483866329415,0.031311894372528126,1866.236307824109,2.9520949140570103,15.079365079365079,-0.009834967836088438,-0.019788514710566894,-0.016913542494546904,-0.02549979028091633,0.0019969562955613816,0.0009285051067779992,0.931379259980275,1.0736764742014742,0.6825034618377686,,
0.0001,1e-06,0.001,0.02,0.005,0.05,2026-01-05 00:00:00+08:00,2026-07-15 00:00:00+08:00,191 days,127.0,3.0,100000.0,108372.6086,9.0,8833.0,8.372608600000001,0.16608721494707224,0.14550561709454568,3231.0,-3222.0,469.3914,5926.6305,5.626079776643143,33.33333333333333,66.66666666666666,1.0,2.0,3.0,0.0640146044031621,3.6666666666666665,3231.0,3.617857502771339,4.0,-1611.0,-1.7129068447809266,3.5,3231.0,3.617857502771339,4.0,-3141.0,-3.338435048785154,2.0,1.0,2.0,1.1414488200765005,2.3499171412477895,1.0027932960893855,0.03292452099126734,5.044483866329415,0.031311894372528126,1866.236307824109,2.9520949140570103,15.079365079365079,-0.009834967836088438,-0.019788514710566894,-0.016913542494546904,-0.02549979028091633,0.0019969562955613816,0.0009285051067779992,0.931379259980275,1.0736764742014742,0.5877060890197754,,
0.0001,1e-06,0.001,0.02,0.005,0.08,2026-01-05 00:00:00+08:00,2026-07-15 00:00:00+08:00,191 days,127.0,3.0,100000.0,108372.6086,9.0,8833.0,8.372608600000001,0.16608721494707224,0.14550561709454568,3231.0,-3222.0,469.3914,5926.6305,5.626079776643143,33.33333333333333,66.66666666666666,1.0,2.0,3.0,0.0640146044031621,3.6666666666666665,3231.0,3.617857502771339,4.0,-1611.0,-1.7129068447809266,3.5,3231.0,3.617857502771339,4.0,-3141.0,-3.338435048785154,2.0,1.0,2.0,1.1414488200765005,2.3499171412477895,1.0027932960893855,0.03292452099126734,5.044483866329415,0.031311894372528126,1866.236307824109,2.9520949140570103,15.079365079365079,-0.009834967836088438,-0.019788514710566894,-0.016913542494546904,-0.02549979028091633,0.0019969562955613816,0.0009285051067779992,0.931379259980275,1.0736764742014742,0.620119571685791,,
0.0001,1e-06,0.001,0.03,0.005,0.03,2026-01-05 00:00:00+08:00,2026-07-15 00:00:00+08:00,191 days,127.0,3.0,100000.0,108372.6086,9.0,8833.0,8.372608600000001,0.16608721494707224,0.14550561709454568,3231.0,-3222.0,469.3914,5926.6305,5.626079776643143,33.33333333333333,66.66666666666666,1.0,2.0,3.0,0.0640146044031621,3.6666666666666665,3231.0,3.617857502771339,4.0,-1611.0,-1.7129068447809266,3.5,3231.0,3.617857502771339,4.0,-3141.0,-3.338435048785154,2.0,1.0,2.0,1.1414488200765005,2.3499171412477895,1.0027932960893855,0.03292452099126734,5.044483866329415,0.031311894372528126,1866.236307824109,2.9520949140570103,15.079365079365079,-0.009834967836088438,-0.019788514710566894,-0.016913542494546904,-0.02549979028091633,0.0019969562955613816,0.0009285051067779992,0.931379259980275,1.0736764742014742,0.5838732719421387,,
0.0001,1e-06,0.001,0.03,0.005,0.05,2026-01-05 00:00:00+08:00,2026-07-15 00:00:00+08:00,191 days,127.0,3.0,100000.0,108372.6086,9.0,8833.0,8.372608600000001,0.16608721494707224,0.14550561709454568,3231.0,-3222.0,469.3914,5926.6305,5.626079776643143,33.33333333333333,66.66666666666666,1.0,2.0,3.0,0.0640146044031621,3.6666666666666665,3231.0,3.617857502771339,4.0,-1611.0,-1.7129068447809266,3.5,3231.0,3.617857502771339,4.0,-3141.0,-3.338435048785154,2.0,1.0,2.0,1.1414488200765005,2.3499171412477895,1.0027932960893855,0.03292452099126734,5.044483866329415,0.031311894372528126,1866.236307824109,2.9520949140570103,15.079365079365079,-0.009834967836088438,-0.019788514710566894,-0.016913542494546904,-0.02549979028091633,0.0019969562955613816,0.0009285051067779992,0.931379259980275,1.0736764742014742,0.6859064102172852,,
0.0001,1e-06,0.001,0.03,0.005,0.08,2026-01-05 00:00:00+08:00,2026-07-15 00:00:00+08:00,191 days,127.0,3.0,100000.0,108372.6086,9.0,8833.0,8.372608600000001,0.16608721494707224,0.14550561709454568,3231.0,-3222.0,469.3914,5926.6305,5.626079776643143,33.33333333333333,66.66666666666666,1.0,2.0,3.0,0.0640146044031621,3.6666666666666665,3231.0,3.617857502771339,4.0,-1611.0,-1.7129068447809266,3.5,3231.0,3.617857502771339,4.0,-3141.0,-3.338435048785154,2.0,1.0,2.0,1.1414488200765005,2.3499171412477895,1.0027932960893855,0.03292452099126734,5.044483866329415,0.031311894372528126,1866.236307824109,2.9520949140570103,15.079365079365079,-0.009834967836088438,-0.019788514710566894,-0.016913542494546904,-0.02549979028091633,0.0019969562955613816,0.0009285051067779992,0.931379259980275,1.0736764742014742,0.6207849979400635,,
0.0001,1e-06,0.01,0.03,0.005,0.03,2026-01-05 00:00:00+08:00,2026-07-15 00:00:00+08:00,191 days,127.0,3.0,100000.0,108372.6086,9.0,8833.0,8.372608600000001,0.16608721494707224,0.14550561709454568,3231.0,-3222.0,469.3914,5926.6305,5.626079776643143,33.33333333333333,66.66666666666666,1.0,2.0,3.0,0.0640146044031621,3.6666666666666665,3231.0,3.617857502771339,4.0,-1611.0,-1.7129068447809266,3.5,3231.0,3.617857502771339,4.0,-3141.0,-3.338435048785154,2.0,1.0,2.0,1.1414488200765005,2.3499171412477895,1.0027932960893855,0.03292452099126734,5.044483866329415,0.031311894372528126,1866.236307824109,2.9520949140570103,15.079365079365079,-0.009834967836088438,-0.019788514710566894,-0.016913542494546904,-0.02549979028091633,0.0019969562955613816,0.0009285051067779992,0.931379259980275,1.0736764742014742,0.661984920501709,,
0.0001,1e-06,0.01,0.03,0.005,0.05,2026-01-05 00:00:00+08:00,2026-07-15 00:00:00+08:00,191 days,127.0,3.0,100000.0,108372.6086,9.0,8833.0,8.372608600000001,0.16608721494707224,0.14550561709454568,3231.0,-3222.0,469.3914,5926.6305,5.626079776643143,33.33333333333333,66.66666666666666,1.0,2.0,3.0,0.0640146044031621,3.6666666666666665,3231.0,3.617857502771339,4.0,-1611.0,-1.7129068447809266,3.5,3231.0,3.617857502771339,4.0,-3141.0,-3.338435048785154,2.0,1.0,2.0,1.1414488200765005,2.3499171412477895,1.0027932960893855,0.03292452099126734,5.044483866329415,0.031311894372528126,1866.236307824109,2.9520949140570103,15.079365079365079,-0.009834967836088438,-0.019788514710566894,-0.016913542494546904,-0.02549979028091633,0.0019969562955613816,0.0009285051067779992,0.931379259980275,1.0736764742014742,0.7115645408630371,,
0.0001,1e-06,0.01,0.03,0.005,0.08,2026-01-05 00:00:00+08:00,2026-07-15 00:00:00+08:00,191 days,127.0,3.0,100000.0,108372.6086,9.0,8833.0,8.372608600000001,0.16608721494707224,0.14550561709454568,3231.0,-3222.0,469.3914,5926.6305,5.626079776643143,33.33333333333333,66.66666666666666,1.0,2.0,3.0,0.0640146044031621,3.6666666666666665,3231.0,3.617857502771339,4.0,-1611.0,-1.7129068447809266,3.5,3231.0,3.617857502771339,4.0,-3141.0,-3.338435048785154,2.0,1.0,2.0,1.1414488200765005,2.3499171412477895,1.0027932960893855,0.03292452099126734,5.044483866329415,0.031311894372528126,1866.236307824109,2.9520949140570103,15.079365079365079,-0.009834967836088438,-0.019788514710566894,-0.016913542494546904,-0.02549979028091633,0.0019969562955613816,0.0009285051067779992,0.931379259980275,1.0736764742014742,0.6262624263763428,,
0.001,1e-06,0.01,0.02,0.005,0.03,2026-01-05 00:00:00+08:00,2026-07-15 00:00:00+08:00,191 days,127.0,3.0,100000.0,108372.6086,9.0,8833.0,8.372608600000001,0.16608721494707224,0.14550561709454568,3231.0,-3222.0,469.3914,5926.6305,5.626079776643143,33.33333333333333,66.66666666666666,1.0,2.0,3.0,0.0640146044031621,3.6666666666666665,3231.0,3.617857502771339,4.0,-1611.0,-1.7129068447809266,3.5,3231.0,3.617857502771339,4.0,-3141.0,-3.338435048785154,2.0,1.0,2.0,1.1414488200765005,2.3499171412477895,1.0027932960893855,0.03292452099126734,5.044483866329415,0.031311894372528126,1866.236307824109,2.9520949140570103,15.079365079365079,-0.009834967836088438,-0.019788514710566894,-0.016913542494546904,-0.02549979028091633,0.0019969562955613816,0.0009285051067779992,0.931379259980275,1.0736764742014742,0.5687263011932373,,
0.001,1e-06,0.01,0.02,0.005,0.05,2026-01-05 00:00:00+08:00,2026-07-15 00:00:00+08:00,191 days,127.0,3.0,100000.0,108372.6086,9.0,8833.0,8.372608600000001,0.16608721494707224,0.14550561709454568,3231.0,-3222.0,469.3914,5926.6305,5.626079776643143,33.33333333333333,66.66666666666666,1.0,2.0,3.0,0.0640146044031621,3.6666666666666665,3231.0,3.617857502771339,4.0,-1611.0,-1.7129068447809266,3.5,3231.0,3.617857502771339,4.0,-3141.0,-3.338435048785154,2.0,1.0,2.0,1.1414488200765005,2.3499171412477895,1.0027932960893855,0.03292452099126734,5.044483866329415,0.031311894372528126,1866.236307824109,2.9520949140570103,15.079365079365079,-0.009834967836088438,-0.019788514710566894,-0.016913542494546904,-0.02549979028091633,0.0019969562955613816,0.0009285051067779992,0.931379259980275,1.0736764742014742,0.5393638610839844,,
0.001,1e-06,0.01,0.02,0.005,0.08,2026-01-05 00:00:00+08:00,2026-07-15 00:00:00+08:00,191 days,127.0,3.0,100000.0,108372.6086,9.0,8833.0,8.372608600000001,0.16608721494707224,0.14550561709454568,3231.0,-3222.0,469.3914,5926.6305,5.626079776643143,33.33333333333333,66.66666666666666,1.0,2.0,3.0,0.0640146044031621,3.6666666666666665,3231.0,3.617857502771339,4.0,-1611.0,-1.7129068447809266,3.5,3231.0,3.617857502771339,4.0,-3141.0,-3.338435048785154,2.0,1.0,2.0,1.1414488200765005,2.3499171412477895,1.0027932960893855,0.03292452099126734,5.044483866329415,0.031311894372528126,1866.236307824109,2.9520949140570103,15.079365079365079,-0.009834967836088438,-0.019788514710566894,-0.016913542494546904,-0.02549979028091633,0.0019969562955613816,0.0009285051067779992,0.931379259980275,1.0736764742014742,0.6297488212585449,,
0.001,1e-05,0.01,0.02,0.005,0.03,2026-01-05 00:00:00+08:00,2026-07-15 00:00:00+08:00,191 days,127.0,3.0,100000.0,108372.6086,9.0,8833.0,8.372608600000001,0.16608721494707224,0.14550561709454568,3231.0,-3222.0,469.3914,5926.6305,5.626079776643143,33.33333333333333,66.66666666666666,1.0,2.0,3.0,0.0640146044031621,3.6666666666666665,3231.0,3.617857502771339,4.0,-1611.0,-1.7129068447809266,3.5,3231.0,3.617857502771339,4.0,-3141.0,-3.338435048785154,2.0,1.0,2.0,1.1414488200765005,2.3499171412477895,1.0027932960893855,0.03292452099126734,5.044483866329415,0.031311894372528126,1866.236307824109,2.9520949140570103,15.079365079365079,-0.009834967836088438,-0.019788514710566894,-0.016913542494546904,-0.02549979028091633,0.0019969562955613816,0.0009285051067779992,0.931379259980275,1.0736764742014742,0.6260309219360352,,
0.001,1e-05,0.01,0.02,0.005,0.05,2026-01-05 00:00:00+08:00,2026-07-15 00:00:00+08:00,191 days,127.0,3.0,100000.0,108372.6086,9.0,8833.0,8.372608600000001,0.16608721494707224,0.14550561709454568,3231.0,-3222.0,469.3914,5926.6305,5.626079776643143,33.33333333333333,66.66666666666666,1.0,2.0,3.0,0.0640146044031621,3.6666666666666665,3231.0,3.617857502771339,4.0,-1611.0,-1.7129068447809266,3.5,3231.0,3.617857502771339,4.0,-3141.0,-3.338435048785154,2.0,1.0,2.0,1.1414488200765005,2.3499171412477895,1.0027932960893855,0.03292452099126734,5.044483866329415,0.031311894372528126,1866.236307824109,2.9520949140570103,15.079365079365079,-0.009834967836088438,-0.019788514710566894,-0.016913542494546904,-0.02549979028091633,0.0019969562955613816,0.0009285051067779992,0.931379259980275,1.0736764742014742,0.8352088928222656,,
0.001,1e-05,0.01,0.02,0.005,0.08,2026-01-05 00:00:00+08:00,2026-07-15 00:00:00+08:00,191 days,127.0,3.0,100000.0,108372.6086,9.0,8833.0,8.372608600000001,0.16608721494707224,0.14550561709454568,3231.0,-3222.0,469.3914,5926.6305,5.626079776643143,33.33333333333333,66.66666666666666,1.0,2.0,3.0,0.0640146044031621,3.6666666666666665,3231.0,3.617857502771339,4.0,-1611.0,-1.7129068447809266,3.5,3231.0,3.617857502771339,4.0,-3141.0,-3.338435048785154,2.0,1.0,2.0,1.1414488200765005,2.3499171412477895,1.0027932960893855,0.03292452099126734,5.044483866329415,0.031311894372528126,1866.236307824109,2.9520949140570103,15.079365079365079,-0.009834967836088438,-0.019788514710566894,-0.016913542494546904,-0.02549979028091633,0.0019969562955613816,0.0009285051067779992,0.931379259980275,1.0736764742014742,0.663236141204834,,
0.001,1e-05,0.01,0.03,0.005,0.03,2026-01-05 00:00:00+08:00,2026-07-15 00:00:00+08:00,191 days,127.0,3.0,100000.0,108372.6086,9.0,8833.0,8.372608600000001,0.16608721494707224,0.14550561709454568,3231.0,-3222.0,469.3914,5926.6305,5.626079776643143,33.33333333333333,66.66666666666666,1.0,2.0,3.0,0.0640146044031621,3.6666666666666665,3231.0,3.617857502771339,4.0,-1611.0,-1.7129068447809266,3.5,3231.0,3.617857502771339,4.0,-3141.0,-3.338435048785154,2.0,1.0,2.0,1.1414488200765005,2.3499171412477895,1.0027932960893855,0.03292452099126734,5.044483866329415,0.031311894372528126,1866.236307824109,2.9520949140570103,15.079365079365079,-0.009834967836088438,-0.019788514710566894,-0.016913542494546904,-0.02549979028091633,0.0019969562955613816,0.0009285051067779992,0.931379259980275,1.0736764742014742,0.6472485065460205,,
0.001,1e-05,0.01,0.03,0.005,0.05,2026-01-05 00:00:00+08:00,2026-07-15 00:00:00+08:00,191 days,127.0,3.0,100000.0,108372.6086,9.0,8833.0,8.372608600000001,0.16608721494707224,0.14550561709454568,3231.0,-3222.0,469.3914,5926.6305,5.626079776643143,33.33333333333333,66.66666666666666,1.0,2.0,3.0,0.0640146044031621,3.6666666666666665,3231.0,3.617857502771339,4.0,-1611.0,-1.7129068447809266,3.5,3231.0,3.617857502771339,4.0,-3141.0,-3.338435048785154,2.0,1.0,2.0,1.1414488200765005,2.3499171412477895,1.0027932960893855,0.03292452099126734,5.044483866329415,0.031311894372528126,1866.236307824109,2.9520949140570103,15.079365079365079,-0.009834967836088438,-0.019788514710566894,-0.016913542494546904,-0.02549979028091633,0.0019969562955613816,0.0009285051067779992,0.931379259980275,1.0736764742014742,0.7956902980804443,,
0.001,1e-05,0.01,0.03,0.005,0.08,2026-01-05 00:00:00+08:00,2026-07-15 00:00:00+08:00,191 days,127.0,3.0,100000.0,108372.6086,9.0,8833.0,8.372608600000001,0.16608721494707224,0.14550561709454568,3231.0,-3222.0,469.3914,5926.6305,5.626079776643143,33.33333333333333,66.66666666666666,1.0,2.0,3.0,0.0640146044031621,3.6666666666666665,3231.0,3.617857502771339,4.0,-1611.0,-1.7129068447809266,3.5,3231.0,3.617857502771339,4.0,-3141.0,-3.338435048785154,2.0,1.0,2.0,1.1414488200765005,2.3499171412477895,1.0027932960893855,0.03292452099126734,5.044483866329415,0.031311894372528126,1866.236307824109,2.9520949140570103,15.079365079365079,-0.009834967836088438,-0.019788514710566894,-0.016913542494546904,-0.02549979028091633,0.0019969562955613816,0.0009285051067779992,0.931379259980275,1.0736764742014742,0.7384529113769531,,
0.001,1e-05,0.1,0.03,0.005,0.03,2026-01-05 00:00:00+08:00,2026-07-15 00:00:00+08:00,191 days,127.0,3.0,100000.0,108372.6086,9.0,8833.0,8.372608600000001,0.16608721494707224,0.14550561709454568,3231.0,-3222.0,469.3914,5926.6305,5.626079776643143,33.33333333333333,66.66666666666666,1.0,2.0,3.0,0.0640146044031621,3.6666666666666665,3231.0,3.617857502771339,4.0,-1611.0,-1.7129068447809266,3.5,3231.0,3.617857502771339,4.0,-3141.0,-3.338435048785154,2.0,1.0,2.0,1.1414488200765005,2.3499171412477895,1.0027932960893855,0.03292452099126734,5.044483866329415,0.031311894372528126,1866.236307824109,2.9520949140570103,15.079365079365079,-0.009834967836088438,-0.019788514710566894,-0.016913542494546904,-0.02549979028091633,0.0019969562955613816,0.0009285051067779992,0.931379259980275,1.0736764742014742,0.7755258083343506,,
0.001,1e-05,0.1,0.03,0.005,0.05,2026-01-05 00:00:00+08:00,2026-07-15 00:00:00+08:00,191 days,127.0,3.0,100000.0,108372.6086,9.0,8833.0,8.372608600000001,0.16608721494707224,0.14550561709454568,3231.0,-3222.0,469.3914,5926.6305,5.626079776643143,33.33333333333333,66.66666666666666,1.0,2.0,3.0,0.0640146044031621,3.6666666666666665,3231.0,3.617857502771339,4.0,-1611.0,-1.7129068447809266,3.5,3231.0,3.617857502771339,4.0,-3141.0,-3.338435048785154,2.0,1.0,2.0,1.1414488200765005,2.3499171412477895,1.0027932960893855,0.03292452099126734,5.044483866329415,0.031311894372528126,1866.236307824109,2.9520949140570103,15.079365079365079,-0.009834967836088438,-0.019788514710566894,-0.016913542494546904,-0.02549979028091633,0.0019969562955613816,0.0009285051067779992,0.931379259980275,1.0736764742014742,0.6522369384765625,,
0.001,1e-05,0.1,0.03,0.005,0.08,2026-01-05 00:00:00+08:00,2026-07-15 00:00:00+08:00,191 days,127.0,3.0,100000.0,108372.6086,9.0,8833.0,8.372608600000001,0.16608721494707224,0.14550561709454568,3231.0,-3222.0,469.3914,5926.6305,5.626079776643143,33.33333333333333,66.66666666666666,1.0,2.0,3.0,0.0640146044031621,3.6666666666666665,3231.0,3.617857502771339,4.0,-1611.0,-1.7129068447809266,3.5,3231.0,3.617857502771339,4.0,-3141.0,-3.338435048785154,2.0,1.0,2.0,1.1414488200765005,2.3499171412477895,1.0027932960893855,0.03292452099126734,5.044483866329415,0.031311894372528126,1866.236307824109,2.9520949140570103,15.079365079365079,-0.009834967836088438,-0.019788514710566894,-0.016913542494546904,-0.02549979028091633,0.0019969562955613816,0.0009285051067779992,0.931379259980275,1.0736764742014742,0.6635699272155762,,
0.001,1e-06,0.1,0.03,0.005,0.03,2026-01-05 00:00:00+08:00,2026-07-15 00:00:00+08:00,191 days,127.0,1.0,100000.0,106618.6969,3231.0,3564.0,6.6186969,0.13028880158835565,0.11469223244611297,3231.0,0.0,176.3031,4255.511,4.059664351634943,100.0,0.0,1.0,0.0,3231.0,3.617857502771339,4.0,3231.0,3.617857502771339,4.0,0.0,0.0,0.0,3231.0,3.617857502771339,4.0,0.0,0.0,0.0,1.0,0.0,1.1359862722139493,2.272512585963539,inf,0.014196244456688954,9.177694987279997,0.5821670451399836,1018.6371911692697,3.209349106309358,8.73015873015873,-0.001437921,-0.01502515527236338,-0.012049949350305187,-0.023379574276387663,0.0,0.0,0.9467007470056596,1.0563000009907269,0.5375940799713135,,
0.001,1e-06,0.1,0.03,0.005,0.05,2026-01-05 00:00:00+08:00,2026-07-15 00:00:00+08:00,191 days,127.0,1.0,100000.0,106618.6969,3231.0,3564.0,6.6186969,0.13028880158835565,0.11469223244611297,3231.0,0.0,176.3031,4255.511,4.059664351634943,100.0,0.0,1.0,0.0,3231.0,3.617857502771339,4.0,3231.0,3.617857502771339,4.0,0.0,0.0,0.0,3231.0,3.617857502771339,4.0,0.0,0.0,0.0,1.0,0.0,1.1359862722139493,2.272512585963539,inf,0.014196244456688954,9.177694987279997,0.5821670451399836,1018.6371911692697,3.209349106309358,8.73015873015873,-0.001437921,-0.01502515527236338,-0.012049949350305187,-0.023379574276387663,0.0,0.0,0.9467007470056596,1.0563000009907269,0.6023337841033936,,
0.001,1e-06,0.1,0.03,0.005,0.08,2026-01-05 00:00:00+08:00,2026-07-15 00:00:00+08:00,191 days,127.0,1.0,100000.0,106618.6969,3231.0,3564.0,6.6186969,0.13028880158835565,0.11469223244611297,3231.0,0.0,176.3031,4255.511,4.059664351634943,100.0,0.0,1.0,0.0,3231.0,3.617857502771339,4.0,3231.0,3.617857502771339,4.0,0.0,0.0,0.0,3231.0,3.617857502771339,4.0,0.0,0.0,0.0,1.0,0.0,1.1359862722139493,2.272512585963539,inf,0.014196244456688954,9.177694987279997,0.5821670451399836,1018.6371911692697,3.209349106309358,8.73015873015873,-0.001437921,-0.01502515527236338,-0.012049949350305187,-0.023379574276387663,0.0,0.0,0.9467007470056596,1.0563000009907269,0.5683820247650146,,
0.001,1e-06,0.001,0.02,0.01,0.03,2026-01-05 00:00:00+08:00,2026-07-15 00:00:00+08:00,191 days,127.0,1.0,100000.0,107670.328,4284.0,3564.0,7.670328,0.15168936607415984,0.13590026098539504,4284.0,0.0,177.672,5912.8799,5.498654802057663,100.0,0.0,1.0,0.0,4284.0,4.79693641035977,11.0,4284.0,4.79693641035977,11.0,0.0,0.0,0.0,4284.0,4.79693641035977,11.0,0.0,0.0,0.0,1.0,0.0,1.1161815656149596,2.087317983733069,inf,0.025152920452326546,6.030686033522965,0.5825165957763481,1370.341574687043,2.7586631919027877,14.285714285714285,-0.009901821168502398,-0.029210306429068657,-0.017162856666547387,-0.03031433708526362,0.0,0.0,0.9374541888643638,1.0667187921058887,0.6034374237060547,,
0.001,1e-06,0.001,0.02,0.01,0.05,2026-01-05 00:00:00+08:00,2026-07-15 00:00:00+08:00,191 days,127.0,1.0,100000.0,107670.328,4284.0,3564.0,7.670328,0.15168936607415984,0.13590026098539504,4284.0,0.0,177.672,5912.8799,5.498654802057663,100.0,0.0,1.0,0.0,4284.0,4.79693641035977,11.0,4284.0,4.79693641035977,11.0,0.0,0.0,0.0,4284.0,4.79693641035977,11.0,0.0,0.0,0.0,1.0,0.0,1.1161815656149596,2.087317983733069,inf,0.025152920452326546,6.030686033522965,0.5825165957763481,1370.341574687043,2.7586631919027877,14.285714285714285,-0.009901821168502398,-0.029210306429068657,-0.017162856666547387,-0.03031433708526362,0.0,0.0,0.9374541888643638,1.0667187921058887,0.6118643283843994,,
0.001,1e-06,0.001,0.02,0.01,0.08,2026-01-05 00:00:00+08:00,2026-07-15 00:00:00+08:00,191 days,127.0,1.0,100000.0,107670.328,4284.0,3564.0,7.670328,0.15168936607415984,0.13590026098539504,4284.0,0.0,177.672,5912.8799,5.498654802057663,100.0,0.0,1.0,0.0,4284.0,4.79693641035977,11.0,4284.0,4.79693641035977,11.0,0.0,0.0,0.0,4284.0,4.79693641035977,11.0,0.0,0.0,0.0,1.0,0.0,1.1161815656149596,2.087317983733069,inf,0.025152920452326546,6.030686033522965,0.5825165957763481,1370.341574687043,2.7586631919027877,14.285714285714285,-0.009901821168502398,-0.029210306429068657,-0.017162856666547387,-0.03031433708526362,0.0,0.0,0.9374541888643638,1.0667187921058887,0.5789318084716797,,
1e-05,1e-05,0.1,0.03,0.005,0.03,2026-01-05 00:00:00+08:00,2026-07-15 00:00:00+08:00,191 days,127.0,2.0,100000.0,106389.4822,3150.0,3564.0,6.389482200000001,0.1256497147897011,0.12218454399308074,3231.0,-81.0,324.5178,5002.6163,4.748924097045589,50.0,50.0,1.0,1.0,1575.0,1.7652394309973203,4.5,3231.0,3.617857502771339,4.0,-81.0,-0.08737864077669905,5.0,3231.0,3.617857502771339,4.0,-81.0,-0.08737864077669905,5.0,1.0,1.0,1.0283601401893894,1.9961512643410049,39.88888888888889,0.018180882224916907,6.9110900799686235,0.5113334734883256,1080.3972270084066,2.6458564555258017,12.698412698412698,-0.007546398896275071,-0.015036723423541823,-0.014863003281272772,-0.023420177189972365,1.3450400729091938,0.48746518105849584,0.9487404009566652,1.0540291095347547,0.6983606815338135,,
1e-05,1e-05,0.1,0.03,0.005,0.05,2026-01-05 00:00:00+08:00,2026-07-15 00:00:00+08:00,191 days,127.0,2.0,100000.0,106389.4822,3150.0,3564.0,6.389482200000001,0.1256497147897011,0.12218454399308074,3231.0,-81.0,324.5178,5002.6163,4.748924097045589,50.0,50.0,1.0,1.0,1575.0,1.7652394309973203,4.5,3231.0,3.617857502771339,4.0,-81.0,-0.08737864077669905,5.0,3231.0,3.617857502771339,4.0,-81.0,-0.08737864077669905,5.0,1.0,1.0,1.0283601401893894,1.9961512643410049,39.88888888888889,0.018180882224916907,6.9110900799686235,0.5113334734883256,1080.3972270084066,2.6458564555258017,12.698412698412698,-0.007546398896275071,-0.015036723423541823,-0.014863003281272772,-0.023420177189972365,1.3450400729091938,0.48746518105849584,0.9487404009566652,1.0540291095347547,0.5959079265594482,,
1e-05,1e-05,0.1,0.03,0.005,0.08,2026-01-05 00:00:00+08:00,2026-07-15 00:00:00+08:00,191 days,127.0,2.0,100000.0,106389.4822,3150.0,3564.0,6.389482200000001,0.1256497147897011,0.12218454399308074,3231.0,-81.0,324.5178,5002.6163,4.748924097045589,50.0,50.0,1.0,1.0,1575.0,1.7652394309973203,4.5,3231.0,3.617857502771339,4.0,-81.0,-0.08737864077669905,5.0,3231.0,3.617857502771339,4.0,-81.0,-0.08737864077669905,5.0,1.0,1.0,1.0283601401893894,1.9961512643410049,39.88888888888889,0.018180882224916907,6.9110900799686235,0.5113334734883256,1080.3972270084066,2.6458564555258017,12.698412698412698,-0.007546398896275071,-0.015036723423541823,-0.014863003281272772,-0.023420177189972365,1.3450400729091938,0.48746518105849584,0.9487404009566652,1.0540291095347547,0.5941257476806641,,
0.0001,1e-05,0.1,0.03,0.005,0.03,2026-01-05 00:00:00+08:00,2026-07-15 00:00:00+08:00,191 days,127.0,2.0,100000.0,106389.4822,3150.0,3564.0,6.389482200000001,0.1256497147897011,0.12218454399308074,3231.0,-81.0,324.5178,5002.6163,4.748924097045589,50.0,50.0,1.0,1.0,1575.0,1.7652394309973203,4.5,3231.0,3.617857502771339,4.0,-81.0,-0.08737864077669905,5.0,3231.0,3.617857502771339,4.0,-81.0,-0.08737864077669905,5.0,1.0,1.0,1.0283601401893894,1.9961512643410049,39.88888888888889,0.018180882224916907,6.9110900799686235,0.5113334734883256,1080.3972270084066,2.6458564555258017,12.698412698412698,-0.007546398896275071,-0.015036723423541823,-0.014863003281272772,-0.023420177189972365,1.3450400729091938,0.48746518105849584,0.9487404009566652,1.0540291095347547,0.6372544765472412,,
0.0001,1e-05,0.1,0.03,0.005,0.05,2026-01-05 00:00:00+08:00,2026-07-15 00:00:00+08:00,191 days,127.0,2.0,100000.0,106389.4822,3150.0,3564.0,6.389482200000001,0.1256497147897011,0.12218454399308074,3231.0,-81.0,324.5178,5002.6163,4.748924097045589,50.0,50.0,1.0,1.0,1575.0,1.7652394309973203,4.5,3231.0,3.617857502771339,4.0,-81.0,-0.08737864077669905,5.0,3231.0,3.617857502771339,4.0,-81.0,-0.08737864077669905,5.0,1.0,1.0,1.0283601401893894,1.9961512643410049,39.88888888888889,0.018180882224916907,6.9110900799686235,0.5113334734883256,1080.3972270084066,2.6458564555258017,12.698412698412698,-0.007546398896275071,-0.015036723423541823,-0.014863003281272772,-0.023420177189972365,1.3450400729091938,0.48746518105849584,0.9487404009566652,1.0540291095347547,0.6565895080566406,,
0.0001,1e-05,0.1,0.03,0.005,0.08,2026-01-05 00:00:00+08:00,2026-07-15 00:00:00+08:00,191 days,127.0,2.0,100000.0,106389.4822,3150.0,3564.0,6.389482200000001,0.1256497147897011,0.12218454399308074,3231.0,-81.0,324.5178,5002.6163,4.748924097045589,50.0,50.0,1.0,1.0,1575.0,1.7652394309973203,4.5,3231.0,3.617857502771339,4.0,-81.0,-0.08737864077669905,5.0,3231.0,3.617857502771339,4.0,-81.0,-0.08737864077669905,5.0,1.0,1.0,1.0283601401893894,1.9961512643410049,39.88888888888889,0.018180882224916907,6.9110900799686235,0.5113334734883256,1080.3972270084066,2.6458564555258017,12.698412698412698,-0.007546398896275071,-0.015036723423541823,-0.014863003281272772,-0.023420177189972365,1.3450400729091938,0.48746518105849584,0.9487404009566652,1.0540291095347547,0.6974458694458008,,
0.001,1e-06,0.001,0.03,0.005,0.03,2026-01-05 00:00:00+08:00,2026-07-15 00:00:00+08:00,191 days,127.0,1.0,100000.0,103083.9085,3231.0,0.0,3.0839084999999997,0.05976042252441216,0.06688504103489079,3231.0,0.0,147.0915,1740.2994,1.660207536850846,100.0,0.0,1.0,0.0,3231.0,3.617857502771339,4.0,3231.0,3.617857502771339,4.0,0.0,0.0,0.0,3231.0,3.617857502771339,4.0,0.0,0.0,0.0,1.0,0.0,0.8934796420807748,2.78400872670921,inf,0.01332624086424661,4.484417108559494,0.6544291756640466,879.5398933319875,3.5995754264414637,3.1746031746031744,0.0,-0.0016009749940173634,-0.002580578752340106,-0.008313065133190372,0.0,0.0,0.8982467111969468,1.1132798901845833,0.5779156684875488,,
0.001,1e-06,0.001,0.03,0.005,0.05,2026-01-05 00:00:00+08:00,2026-07-15 00:00:00+08:00,191 days,127.0,1.0,100000.0,103083.9085,3231.0,0.0,3.0839084999999997,0.05976042252441216,0.06688504103489079,3231.0,0.0,147.0915,1740.2994,1.660207536850846,100.0,0.0,1.0,0.0,3231.0,3.617857502771339,4.0,3231.0,3.617857502771339,4.0,0.0,0.0,0.0,3231.0,3.617857502771339,4.0,0.0,0.0,0.0,1.0,0.0,0.8934796420807748,2.78400872670921,inf,0.01332624086424661,4.484417108559494,0.6544291756640466,879.5398933319875,3.5995754264414637,3.1746031746031744,0.0,-0.0016009749940173634,-0.002580578752340106,-0.008313065133190372,0.0,0.0,0.8982467111969468,1.1132798901845833,0.5586633682250977,,
0.001,1e-06,0.001,0.03,0.005,0.08,2026-01-05 00:00:00+08:00,2026-07-15 00:00:00+08:00,191 days,127.0,1.0,100000.0,103083.9085,3231.0,0.0,3.0839084999999997,0.05976042252441216,0.06688504103489079,3231.0,0.0,147.0915,1740.2994,1.660207536850846,100.0,0.0,1.0,0.0,3231.0,3.617857502771339,4.0,3231.0,3.617857502771339,4.0,0.0,0.0,0.0,3231.0,3.617857502771339,4.0,0.0,0.0,0.0,1.0,0.0,0.8934796420807748,2.78400872670921,inf,0.01332624086424661,4.484417108559494,0.6544291756640466,879.5398933319875,3.5995754264414637,3.1746031746031744,0.0,-0.0016009749940173634,-0.002580578752340106,-0.008313065133190372,0.0,0.0,0.8982467111969468,1.1132798901845833,0.5637648105621338,,
0.001,1e-06,0.1,0.03,0.01,0.03,2026-01-05 00:00:00+08:00,2026-07-15 00:00:00+08:00,191 days,127.0,1.0,100000.0,104652.4936,1584.0,3240.0,4.652493600000001,0.0907904970926483,0.11053001956321785,1584.0,0.0,171.5064,5671.7143,5.410691302729129,100.0,0.0,1.0,0.0,1584.0,1.7736571601330242,5.0,1584.0,1.7736571601330242,5.0,0.0,0.0,0.0,1584.0,1.7736571601330242,5.0,0.0,0.0,0.0,1.0,0.0,0.8214103051046735,1.6075262692612498,inf,0.026228736064054438,3.461489599457806,0.33843543024195455,750.7116040006679,1.6779833114273952,9.523809523809524,-0.007321447717136422,-0.01502515527236338,-0.01341244377093183,-0.022188089397712173,0.0,0.0,0.8982467111969468,1.1132798901845833,0.5645337104797363,,
0.001,1e-06,0.1,0.03,0.01,0.05,2026-01-05 00:00:00+08:00,2026-07-15 00:00:00+08:00,191 days,127.0,1.0,100000.0,104652.4936,1584.0,3240.0,4.652493600000001,0.0907904970926483,0.11053001956321785,1584.0,0.0,171.5064,5671.7143,5.410691302729129,100.0,0.0,1.0,0.0,1584.0,1.7736571601330242,5.0,1584.0,1.7736571601330242,5.0,0.0,0.0,0.0,1584.0,1.7736571601330242,5.0,0.0,0.0,0.0,1.0,0.0,0.8214103051046735,1.6075262692612498,inf,0.026228736064054438,3.461489599457806,0.33843543024195455,750.7116040006679,1.6779833114273952,9.523809523809524,-0.007321447717136422,-0.01502515527236338,-0.01341244377093183,-0.022188089397712173,0.0,0.0,0.8982467111969468,1.1132798901845833,0.5509939193725586,,
0.001,1e-06,0.1,0.03,0.01,0.08,2026-01-05 00:00:00+08:00,2026-07-15 00:00:00+08:00,191 days,127.0,1.0,100000.0,104652.4936,1584.0,3240.0,4.652493600000001,0.0907904970926483,0.11053001956321785,1584.0,0.0,171.5064,5671.7143,5.410691302729129,100.0,0.0,1.0,0.0,1584.0,1.7736571601330242,5.0,1584.0,1.7736571601330242,5.0,0.0,0.0,0.0,1584.0,1.7736571601330242,5.0,0.0,0.0,0.0,1.0,0.0,0.8214103051046735,1.6075262692612498,inf,0.026228736064054438,3.461489599457806,0.33843543024195455,750.7116040006679,1.6779833114273952,9.523809523809524,-0.007321447717136422,-0.01502515527236338,-0.01341244377093183,-0.022188089397712173,0.0,0.0,0.8982467111969468,1.1132798901845833,0.5466940402984619,,
0.001,1e-06,0.001,0.03,0.01,0.03,2026-01-05 00:00:00+08:00,2026-07-15 00:00:00+08:00,191 days,127.0,1.0,100000.0,104135.5396,4284.0,0.0,4.1355396,0.08051684766491007,0.09988629047777159,4284.0,0.0,148.4604,4041.0,3.7579089091789286,100.0,0.0,1.0,0.0,4284.0,4.79693641035977,11.0,4284.0,4.79693641035977,11.0,0.0,0.0,0.0,4284.0,4.79693641035977,11.0,0.0,0.0,0.0,1.0,0.0,0.8060850721333781,1.6067219759953089,inf,0.024602734916142576,3.272678746462476,0.6212448007128142,1270.1344429131013,2.142597109478695,8.73015873015873,0.0,-0.01502515527236338,-0.009226080831439764,-0.02211773085071602,0.0,0.0,0.9008101022158757,1.1101118843362547,0.5651674270629883,,
0.001,1e-06,0.001,0.03,0.01,0.05,2026-01-05 00:00:00+08:00,2026-07-15 00:00:00+08:00,191 days,127.0,1.0,100000.0,104135.5396,4284.0,0.0,4.1355396,0.08051684766491007,0.09988629047777159,4284.0,0.0,148.4604,4041.0,3.7579089091789286,100.0,0.0,1.0,0.0,4284.0,4.79693641035977,11.0,4284.0,4.79693641035977,11.0,0.0,0.0,0.0,4284.0,4.79693641035977,11.0,0.0,0.0,0.0,1.0,0.0,0.8060850721333781,1.6067219759953089,inf,0.024602734916142576,3.272678746462476,0.6212448007128142,1270.1344429131013,2.142597109478695,8.73015873015873,0.0,-0.01502515527236338,-0.009226080831439764,-0.02211773085071602,0.0,0.0,0.9008101022158757,1.1101118843362547,0.5697293281555176,,
0.001,1e-06,0.001,0.03,0.01,0.08,2026-01-05 00:00:00+08:00,2026-07-15 00:00:00+08:00,191 days,127.0,1.0,100000.0,104135.5396,4284.0,0.0,4.1355396,0.08051684766491007,0.09988629047777159,4284.0,0.0,148.4604,4041.0,3.7579089091789286,100.0,0.0,1.0,0.0,4284.0,4.79693641035977,11.0,4284.0,4.79693641035977,11.0,0.0,0.0,0.0,4284.0,4.79693641035977,11.0,0.0,0.0,0.0,1.0,0.0,0.8060850721333781,1.6067219759953089,inf,0.024602734916142576,3.272678746462476,0.6212448007128142,1270.1344429131013,2.142597109478695,8.73015873015873,0.0,-0.01502515527236338,-0.009226080831439764,-0.02211773085071602,0.0,0.0,0.9008101022158757,1.1101118843362547,0.6028053760528564,,
1e-05,1e-05,0.1,0.02,0.005,0.03,2026-01-05 00:00:00+08:00,2026-07-15 00:00:00+08:00,191 days,127.0,4.0,100000.0,106005.2702,-2223.0,8833.0,6.0052702,0.11789403399867471,0.14983800595798302,3231.0,-5454.0,604.7298,8142.1974,7.729291058313216,25.0,75.0,1.0,3.0,-555.75,-0.5978223800309618,3.25,3231.0,3.617857502771339,4.0,-1818.0,-2.003049007631729,3.0,3231.0,3.617857502771339,4.0,-3141.0,-3.338435048785154,2.0,1.0,3.0,0.7868099501519934,1.5646152788277106,0.5924092409240924,0.04024849418503758,2.929153907141747,0.035980837354509076,2072.921250733959,1.525289099727641,16.666666666666664,-0.012611784954505094,-0.019788514710566894,-0.01745694384619983,-0.025854780541502545,-0.45321882927881235,-0.17200557103064068,0.9521790738287275,1.0502226182927796,0.6331408023834229,,
1e-05,1e-05,0.1,0.02,0.005,0.05,2026-01-05 00:00:00+08:00,2026-07-15 00:00:00+08:00,191 days,127.0,4.0,100000.0,106005.2702,-2223.0,8833.0,6.0052702,0.11789403399867471,0.14983800595798302,3231.0,-5454.0,604.7298,8142.1974,7.729291058313216,25.0,75.0,1.0,3.0,-555.75,-0.5978223800309618,3.25,3231.0,3.617857502771339,4.0,-1818.0,-2.003049007631729,3.0,3231.0,3.617857502771339,4.0,-3141.0,-3.338435048785154,2.0,1.0,3.0,0.7868099501519934,1.5646152788277106,0.5924092409240924,0.04024849418503758,2.929153907141747,0.035980837354509076,2072.921250733959,1.525289099727641,16.666666666666664,-0.012611784954505094,-0.019788514710566894,-0.01745694384619983,-0.025854780541502545,-0.45321882927881235,-0.17200557103064068,0.9521790738287275,1.0502226182927796,0.7410678863525391,,
1e-05,1e-05,0.1,0.02,0.005,0.08,2026-01-05 00:00:00+08:00,2026-07-15 00:00:00+08:00,191 days,127.0,4.0,100000.0,106005.2702,-2223.0,8833.0,6.0052702,0.11789403399867471,0.14983800595798302,3231.0,-5454.0,604.7298,8142.1974,7.729291058313216,25.0,75.0,1.0,3.0,-555.75,-0.5978223800309618,3.25,3231.0,3.617857502771339,4.0,-1818.0,-2.003049007631729,3.0,3231.0,3.617857502771339,4.0,-3141.0,-3.338435048785154,2.0,1.0,3.0,0.7868099501519934,1.5646152788277106,0.5924092409240924,0.04024849418503758,2.929153907141747,0.035980837354509076,2072.921250733959,1.525289099727641,16.666666666666664,-0.012611784954505094,-0.019788514710566894,-0.01745694384619983,-0.025854780541502545,-0.45321882927881235,-0.17200557103064068,0.9521790738287275,1.0502226182927796,0.6286947727203369,,
0.0001,1e-06,0.01,0.02,0.005,0.03,2026-01-05 00:00:00+08:00,2026-07-15 00:00:00+08:00,191 days,127.0,4.0,100000.0,106005.2702,-2223.0,8833.0,6.0052702,0.11789403399867471,0.14983800595798302,3231.0,-5454.0,604.7298,8142.1974,7.729291058313216,25.0,75.0,1.0,3.0,-555.75,-0.5978223800309618,3.25,3231.0,3.617857502771339,4.0,-1818.0,-2.003049007631729,3.0,3231.0,3.617857502771339,4.0,-3141.0,-3.338435048785154,2.0,1.0,3.0,0.7868099501519934,1.5646152788277106,0.5924092409240924,0.04024849418503758,2.929153907141747,0.035980837354509076,2072.921250733959,1.525289099727641,16.666666666666664,-0.012611784954505094,-0.019788514710566894,-0.01745694384619983,-0.025854780541502545,-0.45321882927881235,-0.17200557103064068,0.9521790738287275,1.0502226182927796,0.7799818515777588,,
0.0001,1e-06,0.01,0.02,0.005,0.05,2026-01-05 00:00:00+08:00,2026-07-15 00:00:00+08:00,191 days,127.0,4.0,100000.0,106005.2702,-2223.0,8833.0,6.0052702,0.11789403399867471,0.14983800595798302,3231.0,-5454.0,604.7298,8142.1974,7.729291058313216,25.0,75.0,1.0,3.0,-555.75,-0.5978223800309618,3.25,3231.0,3.617857502771339,4.0,-1818.0,-2.003049007631729,3.0,3231.0,3.617857502771339,4.0,-3141.0,-3.338435048785154,2.0,1.0,3.0,0.7868099501519934,1.5646152788277106,0.5924092409240924,0.04024849418503758,2.929153907141747,0.035980837354509076,2072.921250733959,1.525289099727641,16.666666666666664,-0.012611784954505094,-0.019788514710566894,-0.01745694384619983,-0.025854780541502545,-0.45321882927881235,-0.17200557103064068,0.9521790738287275,1.0502226182927796,0.6317145824432373,,
0.0001,1e-06,0.01,0.02,0.005,0.08,2026-01-05 00:00:00+08:00,2026-07-15 00:00:00+08:00,191 days,127.0,4.0,100000.0,106005.2702,-2223.0,8833.0,6.0052702,0.11789403399867471,0.14983800595798302,3231.0,-5454.0,604.7298,8142.1974,7.729291058313216,25.0,75.0,1.0,3.0,-555.75,-0.5978223800309618,3.25,3231.0,3.617857502771339,4.0,-1818.0,-2.003049007631729,3.0,3231.0,3.617857502771339,4.0,-3141.0,-3.338435048785154,2.0,1.0,3.0,0.7868099501519934,1.5646152788277106,0.5924092409240924,0.04024849418503758,2.929153907141747,0.035980837354509076,2072.921250733959,1.525289099727641,16.666666666666664,-0.012611784954505094,-0.019788514710566894,-0.01745694384619983,-0.025854780541502545,-0.45321882927881235,-0.17200557103064068,0.9521790738287275,1.0502226182927796,0.8079607486724854,,
0.0001,1e-05,0.1,0.02,0.005,0.03,2026-01-05 00:00:00+08:00,2026-07-15 00:00:00+08:00,191 days,127.0,4.0,100000.0,106005.2702,-2223.0,8833.0,6.0052702,0.11789403399867471,0.14983800595798302,3231.0,-5454.0,604.7298,8142.1974,7.729291058313216,25.0,75.0,1.0,3.0,-555.75,-0.5978223800309618,3.25,3231.0,3.617857502771339,4.0,-1818.0,-2.003049007631729,3.0,3231.0,3.617857502771339,4.0,-3141.0,-3.338435048785154,2.0,1.0,3.0,0.7868099501519934,1.5646152788277106,0.5924092409240924,0.04024849418503758,2.929153907141747,0.035980837354509076,2072.921250733959,1.525289099727641,16.666666666666664,-0.012611784954505094,-0.019788514710566894,-0.01745694384619983,-0.025854780541502545,-0.45321882927881235,-0.17200557103064068,0.9521790738287275,1.0502226182927796,0.6408665180206299,,
0.0001,1e-05,0.1,0.02,0.005,0.05,2026-01-05 00:00:00+08:00,2026-07-15 00:00:00+08:00,191 days,127.0,4.0,100000.0,106005.2702,-2223.0,8833.0,6.0052702,0.11789403399867471,0.14983800595798302,3231.0,-5454.0,604.7298,8142.1974,7.729291058313216,25.0,75.0,1.0,3.0,-555.75,-0.5978223800309618,3.25,3231.0,3.617857502771339,4.0,-1818.0,-2.003049007631729,3.0,3231.0,3.617857502771339,4.0,-3141.0,-3.338435048785154,2.0,1.0,3.0,0.7868099501519934,1.5646152788277106,0.5924092409240924,0.04024849418503758,2.929153907141747,0.035980837354509076,2072.921250733959,1.525289099727641,16.666666666666664,-0.012611784954505094,-0.019788514710566894,-0.01745694384619983,-0.025854780541502545,-0.45321882927881235,-0.17200557103064068,0.9521790738287275,1.0502226182927796,0.6374280452728271,,
0.0001,1e-05,0.1,0.02,0.005,0.08,2026-01-05 00:00:00+08:00,2026-07-15 00:00:00+08:00,191 days,127.0,4.0,100000.0,106005.2702,-2223.0,8833.0,6.0052702,0.11789403399867471,0.14983800595798302,3231.0,-5454.0,604.7298,8142.1974,7.729291058313216,25.0,75.0,1.0,3.0,-555.75,-0.5978223800309618,3.25,3231.0,3.617857502771339,4.0,-1818.0,-2.003049007631729,3.0,3231.0,3.617857502771339,4.0,-3141.0,-3.338435048785154,2.0,1.0,3.0,0.7868099501519934,1.5646152788277106,0.5924092409240924,0.04024849418503758,2.929153907141747,0.035980837354509076,2072.921250733959,1.525289099727641,16.666666666666664,-0.012611784954505094,-0.019788514710566894,-0.01745694384619983,-0.025854780541502545,-0.45321882927881235,-0.17200557103064068,0.9521790738287275,1.0502226182927796,0.5929327011108398,,
0.001,1e-05,0.1,0.02,0.005,0.03,2026-01-05 00:00:00+08:00,2026-07-15 00:00:00+08:00,191 days,127.0,4.0,100000.0,106005.2702,-2223.0,8833.0,6.0052702,0.11789403399867471,0.14983800595798302,3231.0,-5454.0,604.7298,8142.1974,7.729291058313216,25.0,75.0,1.0,3.0,-555.75,-0.5978223800309618,3.25,3231.0,3.617857502771339,4.0,-1818.0,-2.003049007631729,3.0,3231.0,3.617857502771339,4.0,-3141.0,-3.338435048785154,2.0,1.0,3.0,0.7868099501519934,1.5646152788277106,0.5924092409240924,0.04024849418503758,2.929153907141747,0.035980837354509076,2072.921250733959,1.525289099727641,16.666666666666664,-0.012611784954505094,-0.019788514710566894,-0.01745694384619983,-0.025854780541502545,-0.45321882927881235,-0.17200557103064068,0.9521790738287275,1.0502226182927796,0.6419131755828857,,
0.001,1e-05,0.1,0.02,0.005,0.05,2026-01-05 00:00:00+08:00,2026-07-15 00:00:00+08:00,191 days,127.0,4.0,100000.0,106005.2702,-2223.0,8833.0,6.0052702,0.11789403399867471,0.14983800595798302,3231.0,-5454.0,604.7298,8142.1974,7.729291058313216,25.0,75.0,1.0,3.0,-555.75,-0.5978223800309618,3.25,3231.0,3.617857502771339,4.0,-1818.0,-2.003049007631729,3.0,3231.0,3.617857502771339,4.0,-3141.0,-3.338435048785154,2.0,1.0,3.0,0.7868099501519934,1.5646152788277106,0.5924092409240924,0.04024849418503758,2.929153907141747,0.035980837354509076,2072.921250733959,1.525289099727641,16.666666666666664,-0.012611784954505094,-0.019788514710566894,-0.01745694384619983,-0.025854780541502545,-0.45321882927881235,-0.17200557103064068,0.9521790738287275,1.0502226182927796,0.615609884262085,,
0.001,1e-05,0.1,0.02,0.005,0.08,2026-01-05 00:00:00+08:00,2026-07-15 00:00:00+08:00,191 days,127.0,4.0,100000.0,106005.2702,-2223.0,8833.0,6.0052702,0.11789403399867471,0.14983800595798302,3231.0,-5454.0,604.7298,8142.1974,7.729291058313216,25.0,75.0,1.0,3.0,-555.75,-0.5978223800309618,3.25,3231.0,3.617857502771339,4.0,-1818.0,-2.003049007631729,3.0,3231.0,3.617857502771339,4.0,-3141.0,-3.338435048785154,2.0,1.0,3.0,0.7868099501519934,1.5646152788277106,0.5924092409240924,0.04024849418503758,2.929153907141747,0.035980837354509076,2072.921250733959,1.525289099727641,16.666666666666664,-0.012611784954505094,-0.019788514710566894,-0.01745694384619983,-0.025854780541502545,-0.45321882927881235,-0.17200557103064068,0.9521790738287275,1.0502226182927796,0.6575393676757812,,
1e-05,1e-06,0.01,0.03,0.005,0.03,2026-01-05 00:00:00+08:00,2026-07-15 00:00:00+08:00,191 days,127.0,2.0,100000.0,104450.2438,1530.0,3240.0,4.4502438,0.08676558065181772,0.11833555144849073,3231.0,-1701.0,319.7562,6391.8547,6.067711571172089,50.0,50.0,1.0,1.0,765.0,0.8914530232303298,5.0,3231.0,3.617857502771339,4.0,-1701.0,-1.83495145631068,6.0,3231.0,3.617857502771339,4.0,-1701.0,-1.83495145631068,6.0,1.0,1.0,0.7332165151533956,1.3921831587473554,1.8994708994708995,0.02766650640776795,3.136123490729443,0.0985370018600703,1226.9963885203463,1.4299555876064387,13.492063492063492,-0.009254629751430656,-0.015036723423541823,-0.01478567058880484,-0.02222277708876508,0.438715886137639,0.2367688022284123,0.9016907898412524,1.109027630387636,0.7344536781311035,,
1e-05,1e-06,0.01,0.03,0.005,0.05,2026-01-05 00:00:00+08:00,2026-07-15 00:00:00+08:00,191 days,127.0,2.0,100000.0,104450.2438,1530.0,3240.0,4.4502438,0.08676558065181772,0.11833555144849073,3231.0,-1701.0,319.7562,6391.8547,6.067711571172089,50.0,50.0,1.0,1.0,765.0,0.8914530232303298,5.0,3231.0,3.617857502771339,4.0,-1701.0,-1.83495145631068,6.0,3231.0,3.617857502771339,4.0,-1701.0,-1.83495145631068,6.0,1.0,1.0,0.7332165151533956,1.3921831587473554,1.8994708994708995,0.02766650640776795,3.136123490729443,0.0985370018600703,1226.9963885203463,1.4299555876064387,13.492063492063492,-0.009254629751430656,-0.015036723423541823,-0.01478567058880484,-0.02222277708876508,0.438715886137639,0.2367688022284123,0.9016907898412524,1.109027630387636,0.699066162109375,,
1e-05,1e-06,0.01,0.03,0.005,0.08,2026-01-05 00:00:00+08:00,2026-07-15 00:00:00+08:00,191 days,127.0,2.0,100000.0,104450.2438,1530.0,3240.0,4.4502438,0.08676558065181772,0.11833555144849073,3231.0,-1701.0,319.7562,6391.8547,6.067711571172089,50.0,50.0,1.0,1.0,765.0,0.8914530232303298,5.0,3231.0,3.617857502771339,4.0,-1701.0,-1.83495145631068,6.0,3231.0,3.617857502771339,4.0,-1701.0,-1.83495145631068,6.0,1.0,1.0,0.7332165151533956,1.3921831587473554,1.8994708994708995,0.02766650640776795,3.136123490729443,0.0985370018600703,1226.9963885203463,1.4299555876064387,13.492063492063492,-0.009254629751430656,-0.015036723423541823,-0.01478567058880484,-0.02222277708876508,0.438715886137639,0.2367688022284123,0.9016907898412524,1.109027630387636,0.7184188365936279,,
1e-05,1e-06,0.001,0.03,0.005,0.03,2026-01-05 00:00:00+08:00,2026-07-15 00:00:00+08:00,191 days,127.0,3.0,100000.0,104527.9619,-3053.0,8030.0,4.5279619,0.08831138759108059,0.13568108255726824,3231.0,-6284.0,449.0381,8436.035,8.047792746545525,33.33333333333333,66.66666666666666,1.0,2.0,-1017.6666666666666,-1.138722534069881,3.0,3231.0,3.617857502771339,4.0,-3142.0,-3.5170125524904914,2.5,3231.0,3.617857502771339,4.0,-3492.0,-3.6955900561958286,3.0,1.0,2.0,0.6508747271662293,1.3099071068737165,0.5141629535327816,0.04864500206725769,1.8154257136011476,0.18249509856635082,2216.9312206262002,1.0973367527262405,13.492063492063492,-0.010839201930338138,-0.01817215558442631,-0.015894348462417957,-0.023779372979572513,-0.5840802570197152,-0.3149695656659447,0.9160061779155106,1.0916956938823579,0.8189964294433594,,
1e-05,1e-06,0.001,0.03,0.005,0.05,2026-01-05 00:00:00+08:00,2026-07-15 00:00:00+08:00,191 days,127.0,3.0,100000.0,104527.9619,-3053.0,8030.0,4.5279619,0.08831138759108059,0.13568108255726824,3231.0,-6284.0,449.0381,8436.035,8.047792746545525,33.33333333333333,66.66666666666666,1.0,2.0,-1017.6666666666666,-1.138722534069881,3.0,3231.0,3.617857502771339,4.0,-3142.0,-3.5170125524904914,2.5,3231.0,3.617857502771339,4.0,-3492.0,-3.6955900561958286,3.0,1.0,2.0,0.6508747271662293,1.3099071068737165,0.5141629535327816,0.04864500206725769,1.8154257136011476,0.18249509856635082,2216.9312206262002,1.0973367527262405,13.492063492063492,-0.010839201930338138,-0.01817215558442631,-0.015894348462417957,-0.023779372979572513,-0.5840802570197152,-0.3149695656659447,0.9160061779155106,1.0916956938823579,0.6200079917907715,,
1e-05,1e-06,0.001,0.03,0.005,0.08,2026-01-05 00:00:00+08:00,2026-07-15 00:00:00+08:00,191 days,127.0,3.0,100000.0,104527.9619,-3053.0,8030.0,4.5279619,0.08831138759108059,0.13568108255726824,3231.0,-6284.0,449.0381,8436.035,8.047792746545525,33.33333333333333,66.66666666666666,1.0,2.0,-1017.6666666666666,-1.138722534069881,3.0,3231.0,3.617857502771339,4.0,-3142.0,-3.5170125524904914,2.5,3231.0,3.617857502771339,4.0,-3492.0,-3.6955900561958286,3.0,1.0,2.0,0.6508747271662293,1.3099071068737165,0.5141629535327816,0.04864500206725769,1.8154257136011476,0.18249509856635082,2216.9312206262002,1.0973367527262405,13.492063492063492,-0.010839201930338138,-0.01817215558442631,-0.015894348462417957,-0.023779372979572513,-0.5840802570197152,-0.3149695656659447,0.9160061779155106,1.0916956938823579,0.6312732696533203,,
1e-05,1e-05,0.01,0.03,0.005,0.03,2026-01-05 00:00:00+08:00,2026-07-15 00:00:00+08:00,191 days,127.0,3.0,100000.0,104527.9619,-3053.0,8030.0,4.5279619,0.08831138759108059,0.13568108255726824,3231.0,-6284.0,449.0381,8436.035,8.047792746545525,33.33333333333333,66.66666666666666,1.0,2.0,-1017.6666666666666,-1.138722534069881,3.0,3231.0,3.617857502771339,4.0,-3142.0,-3.5170125524904914,2.5,3231.0,3.617857502771339,4.0,-3492.0,-3.6955900561958286,3.0,1.0,2.0,0.6508747271662293,1.3099071068737165,0.5141629535327816,0.04864500206725769,1.8154257136011476,0.18249509856635082,2216.9312206262002,1.0973367527262405,13.492063492063492,-0.010839201930338138,-0.01817215558442631,-0.015894348462417957,-0.023779372979572513,-0.5840802570197152,-0.3149695656659447,0.9160061779155106,1.0916956938823579,0.5840597152709961,,
1e-05,1e-05,0.01,0.03,0.005,0.05,2026-01-05 00:00:00+08:00,2026-07-15 00:00:00+08:00,191 days,127.0,3.0,100000.0,104527.9619,-3053.0,8030.0,4.5279619,0.08831138759108059,0.13568108255726824,3231.0,-6284.0,449.0381,8436.035,8.047792746545525,33.33333333333333,66.66666666666666,1.0,2.0,-1017.6666666666666,-1.138722534069881,3.0,3231.0,3.617857502771339,4.0,-3142.0,-3.5170125524904914,2.5,3231.0,3.617857502771339,4.0,-3492.0,-3.6955900561958286,3.0,1.0,2.0,0.6508747271662293,1.3099071068737165,0.5141629535327816,0.04864500206725769,1.8154257136011476,0.18249509856635082,2216.9312206262002,1.0973367527262405,13.492063492063492,-0.010839201930338138,-0.01817215558442631,-0.015894348462417957,-0.023779372979572513,-0.5840802570197152,-0.3149695656659447,0.9160061779155106,1.0916956938823579,0.6583919525146484,,
1e-05,1e-05,0.01,0.03,0.005,0.08,2026-01-05 00:00:00+08:00,2026-07-15 00:00:00+08:00,191 days,127.0,3.0,100000.0,104527.9619,-3053.0,8030.0,4.5279619,0.08831138759108059,0.13568108255726824,3231.0,-6284.0,449.0381,8436.035,8.047792746545525,33.33333333333333,66.66666666666666,1.0,2.0,-1017.6666666666666,-1.138722534069881,3.0,3231.0,3.617857502771339,4.0,-3142.0,-3.5170125524904914,2.5,3231.0,3.617857502771339,4.0,-3492.0,-3.6955900561958286,3.0,1.0,2.0,0.6508747271662293,1.3099071068737165,0.5141629535327816,0.04864500206725769,1.8154257136011476,0.18249509856635082,2216.9312206262002,1.0973367527262405,13.492063492063492,-0.010839201930338138,-0.01817215558442631,-0.015894348462417957,-0.023779372979572513,-0.5840802570197152,-0.3149695656659447,0.9160061779155106,1.0916956938823579,0.6247420310974121,,
1e-05,0.0001,0.1,0.03,0.005,0.03,2026-01-05 00:00:00+08:00,2026-07-15 00:00:00+08:00,191 days,127.0,3.0,100000.0,104527.9619,-3053.0,8030.0,4.5279619,0.08831138759108059,0.13568108255726824,3231.0,-6284.0,449.0381,8436.035,8.047792746545525,33.33333333333333,66.66666666666666,1.0,2.0,-1017.6666666666666,-1.138722534069881,3.0,3231.0,3.617857502771339,4.0,-3142.0,-3.5170125524904914,2.5,3231.0,3.617857502771339,4.0,-3492.0,-3.6955900561958286,3.0,1.0,2.0,0.6508747271662293,1.3099071068737165,0.5141629535327816,0.04864500206725769,1.8154257136011476,0.18249509856635082,2216.9312206262002,1.0973367527262405,13.492063492063492,-0.010839201930338138,-0.01817215558442631,-0.015894348462417957,-0.023779372979572513,-0.5840802570197152,-0.3149695656659447,0.9160061779155106,1.0916956938823579,0.6493315696716309,,
1e-05,0.0001,0.1,0.03,0.005,0.05,2026-01-05 00:00:00+08:00,2026-07-15 00:00:00+08:00,191 days,127.0,3.0,100000.0,104527.9619,-3053.0,8030.0,4.5279619,0.08831138759108059,0.13568108255726824,3231.0,-6284.0,449.0381,8436.035,8.047792746545525,33.33333333333333,66.66666666666666,1.0,2.0,-1017.6666666666666,-1.138722534069881,3.0,3231.0,3.617857502771339,4.0,-3142.0,-3.5170125524904914,2.5,3231.0,3.617857502771339,4.0,-3492.0,-3.6955900561958286,3.0,1.0,2.0,0.6508747271662293,1.3099071068737165,0.5141629535327816,0.04864500206725769,1.8154257136011476,0.18249509856635082,2216.9312206262002,1.0973367527262405,13.492063492063492,-0.010839201930338138,-0.01817215558442631,-0.015894348462417957,-0.023779372979572513,-0.5840802570197152,-0.3149695656659447,0.9160061779155106,1.0916956938823579,0.6510670185089111,,
1e-05,0.0001,0.1,0.03,0.005,0.08,2026-01-05 00:00:00+08:00,2026-07-15 00:00:00+08:00,191 days,127.0,3.0,100000.0,104527.9619,-3053.0,8030.0,4.5279619,0.08831138759108059,0.13568108255726824,3231.0,-6284.0,449.0381,8436.035,8.047792746545525,33.33333333333333,66.66666666666666,1.0,2.0,-1017.6666666666666,-1.138722534069881,3.0,3231.0,3.617857502771339,4.0,-3142.0,-3.5170125524904914,2.5,3231.0,3.617857502771339,4.0,-3492.0,-3.6955900561958286,3.0,1.0,2.0,0.6508747271662293,1.3099071068737165,0.5141629535327816,0.04864500206725769,1.8154257136011476,0.18249509856635082,2216.9312206262002,1.0973367527262405,13.492063492063492,-0.010839201930338138,-0.01817215558442631,-0.015894348462417957,-0.023779372979572513,-0.5840802570197152,-0.3149695656659447,0.9160061779155106,1.0916956938823579,0.6084728240966797,,
0.0001,1e-05,0.01,0.03,0.005,0.03,2026-01-05 00:00:00+08:00,2026-07-15 00:00:00+08:00,191 days,127.0,3.0,100000.0,104527.9619,-3053.0,8030.0,4.5279619,0.08831138759108059,0.13568108255726824,3231.0,-6284.0,449.0381,8436.035,8.047792746545525,33.33333333333333,66.66666666666666,1.0,2.0,-1017.6666666666666,-1.138722534069881,3.0,3231.0,3.617857502771339,4.0,-3142.0,-3.5170125524904914,2.5,3231.0,3.617857502771339,4.0,-3492.0,-3.6955900561958286,3.0,1.0,2.0,0.6508747271662293,1.3099071068737165,0.5141629535327816,0.04864500206725769,1.8154257136011476,0.18249509856635082,2216.9312206262002,1.0973367527262405,13.492063492063492,-0.010839201930338138,-0.01817215558442631,-0.015894348462417957,-0.023779372979572513,-0.5840802570197152,-0.3149695656659447,0.9160061779155106,1.0916956938823579,0.607982873916626,,
0.0001,1e-05,0.01,0.03,0.005,0.05,2026-01-05 00:00:00+08:00,2026-07-15 00:00:00+08:00,191 days,127.0,3.0,100000.0,104527.9619,-3053.0,8030.0,4.5279619,0.08831138759108059,0.13568108255726824,3231.0,-6284.0,449.0381,8436.035,8.047792746545525,33.33333333333333,66.66666666666666,1.0,2.0,-1017.6666666666666,-1.138722534069881,3.0,3231.0,3.617857502771339,4.0,-3142.0,-3.5170125524904914,2.5,3231.0,3.617857502771339,4.0,-3492.0,-3.6955900561958286,3.0,1.0,2.0,0.6508747271662293,1.3099071068737165,0.5141629535327816,0.04864500206725769,1.8154257136011476,0.18249509856635082,2216.9312206262002,1.0973367527262405,13.492063492063492,-0.010839201930338138,-0.01817215558442631,-0.015894348462417957,-0.023779372979572513,-0.5840802570197152,-0.3149695656659447,0.9160061779155106,1.0916956938823579,0.6489646434783936,,
0.0001,1e-05,0.01,0.03,0.005,0.08,2026-01-05 00:00:00+08:00,2026-07-15 00:00:00+08:00,191 days,127.0,3.0,100000.0,104527.9619,-3053.0,8030.0,4.5279619,0.08831138759108059,0.13568108255726824,3231.0,-6284.0,449.0381,8436.035,8.047792746545525,33.33333333333333,66.66666666666666,1.0,2.0,-1017.6666666666666,-1.138722534069881,3.0,3231.0,3.617857502771339,4.0,-3142.0,-3.5170125524904914,2.5,3231.0,3.617857502771339,4.0,-3492.0,-3.6955900561958286,3.0,1.0,2.0,0.6508747271662293,1.3099071068737165,0.5141629535327816,0.04864500206725769,1.8154257136011476,0.18249509856635082,2216.9312206262002,1.0973367527262405,13.492063492063492,-0.010839201930338138,-0.01817215558442631,-0.015894348462417957,-0.023779372979572513,-0.5840802570197152,-0.3149695656659447,0.9160061779155106,1.0916956938823579,0.6103384494781494,,
0.0001,0.0001,0.1,0.03,0.005,0.03,2026-01-05 00:00:00+08:00,2026-07-15 00:00:00+08:00,191 days,127.0,3.0,100000.0,104527.9619,-3053.0,8030.0,4.5279619,0.08831138759108059,0.13568108255726824,3231.0,-6284.0,449.0381,8436.035,8.047792746545525,33.33333333333333,66.66666666666666,1.0,2.0,-1017.6666666666666,-1.138722534069881,3.0,3231.0,3.617857502771339,4.0,-3142.0,-3.5170125524904914,2.5,3231.0,3.617857502771339,4.0,-3492.0,-3.6955900561958286,3.0,1.0,2.0,0.6508747271662293,1.3099071068737165,0.5141629535327816,0.04864500206725769,1.8154257136011476,0.18249509856635082,2216.9312206262002,1.0973367527262405,13.492063492063492,-0.010839201930338138,-0.01817215558442631,-0.015894348462417957,-0.023779372979572513,-0.5840802570197152,-0.3149695656659447,0.9160061779155106,1.0916956938823579,0.78338623046875,,
0.0001,0.0001,0.1,0.03,0.005,0.05,2026-01-05 00:00:00+08:00,2026-07-15 00:00:00+08:00,191 days,127.0,3.0,100000.0,104527.9619,-3053.0,8030.0,4.5279619,0.08831138759108059,0.13568108255726824,3231.0,-6284.0,449.0381,8436.035,8.047792746545525,33.33333333333333,66.66666666666666,1.0,2.0,-1017.6666666666666,-1.138722534069881,3.0,3231.0,3.617857502771339,4.0,-3142.0,-3.5170125524904914,2.5,3231.0,3.617857502771339,4.0,-3492.0,-3.6955900561958286,3.0,1.0,2.0,0.6508747271662293,1.3099071068737165,0.5141629535327816,0.04864500206725769,1.8154257136011476,0.18249509856635082,2216.9312206262002,1.0973367527262405,13.492063492063492,-0.010839201930338138,-0.01817215558442631,-0.015894348462417957,-0.023779372979572513,-0.5840802570197152,-0.3149695656659447,0.9160061779155106,1.0916956938823579,0.7615518569946289,,
0.0001,0.0001,0.1,0.03,0.005,0.08,2026-01-05 00:00:00+08:00,2026-07-15 00:00:00+08:00,191 days,127.0,3.0,100000.0,104527.9619,-3053.0,8030.0,4.5279619,0.08831138759108059,0.13568108255726824,3231.0,-6284.0,449.0381,8436.035,8.047792746545525,33.33333333333333,66.66666666666666,1.0,2.0,-1017.6666666666666,-1.138722534069881,3.0,3231.0,3.617857502771339,4.0,-3142.0,-3.5170125524904914,2.5,3231.0,3.617857502771339,4.0,-3492.0,-3.6955900561958286,3.0,1.0,2.0,0.6508747271662293,1.3099071068737165,0.5141629535327816,0.04864500206725769,1.8154257136011476,0.18249509856635082,2216.9312206262002,1.0973367527262405,13.492063492063492,-0.010839201930338138,-0.01817215558442631,-0.015894348462417957,-0.023779372979572513,-0.5840802570197152,-0.3149695656659447,0.9160061779155106,1.0916956938823579,0.6375832557678223,,
0.001,0.0001,0.1,0.03,0.005,0.03,2026-01-05 00:00:00+08:00,2026-07-15 00:00:00+08:00,191 days,127.0,3.0,100000.0,104527.9619,-3053.0,8030.0,4.5279619,0.08831138759108059,0.13568108255726824,3231.0,-6284.0,449.0381,8436.035,8.047792746545525,33.33333333333333,66.66666666666666,1.0,2.0,-1017.6666666666666,-1.138722534069881,3.0,3231.0,3.617857502771339,4.0,-3142.0,-3.5170125524904914,2.5,3231.0,3.617857502771339,4.0,-3492.0,-3.6955900561958286,3.0,1.0,2.0,0.6508747271662293,1.3099071068737165,0.5141629535327816,0.04864500206725769,1.8154257136011476,0.18249509856635082,2216.9312206262002,1.0973367527262405,13.492063492063492,-0.010839201930338138,-0.01817215558442631,-0.015894348462417957,-0.023779372979572513,-0.5840802570197152,-0.3149695656659447,0.9160061779155106,1.0916956938823579,0.6444399356842041,,
0.001,0.0001,0.1,0.03,0.005,0.05,2026-01-05 00:00:00+08:00,2026-07-15 00:00:00+08:00,191 days,127.0,3.0,100000.0,104527.9619,-3053.0,8030.0,4.5279619,0.08831138759108059,0.13568108255726824,3231.0,-6284.0,449.0381,8436.035,8.047792746545525,33.33333333333333,66.66666666666666,1.0,2.0,-1017.6666666666666,-1.138722534069881,3.0,3231.0,3.617857502771339,4.0,-3142.0,-3.5170125524904914,2.5,3231.0,3.617857502771339,4.0,-3492.0,-3.6955900561958286,3.0,1.0,2.0,0.6508747271662293,1.3099071068737165,0.5141629535327816,0.04864500206725769,1.8154257136011476,0.18249509856635082,2216.9312206262002,1.0973367527262405,13.492063492063492,-0.010839201930338138,-0.01817215558442631,-0.015894348462417957,-0.023779372979572513,-0.5840802570197152,-0.3149695656659447,0.9160061779155106,1.0916956938823579,0.6390552520751953,,
0.001,0.0001,0.1,0.03,0.005,0.08,2026-01-05 00:00:00+08:00,2026-07-15 00:00:00+08:00,191 days,127.0,3.0,100000.0,104527.9619,-3053.0,8030.0,4.5279619,0.08831138759108059,0.13568108255726824,3231.0,-6284.0,449.0381,8436.035,8.047792746545525,33.33333333333333,66.66666666666666,1.0,2.0,-1017.6666666666666,-1.138722534069881,3.0,3231.0,3.617857502771339,4.0,-3142.0,-3.5170125524904914,2.5,3231.0,3.617857502771339,4.0,-3492.0,-3.6955900561958286,3.0,1.0,2.0,0.6508747271662293,1.3099071068737165,0.5141629535327816,0.04864500206725769,1.8154257136011476,0.18249509856635082,2216.9312206262002,1.0973367527262405,13.492063492063492,-0.010839201930338138,-0.01817215558442631,-0.015894348462417957,-0.023779372979572513,-0.5840802570197152,-0.3149695656659447,0.9160061779155106,1.0916956938823579,0.7065610885620117,,
0.0001,1e-06,0.001,0.02,0.01,0.03,2026-01-05 00:00:00+08:00,2026-07-15 00:00:00+08:00,191 days,127.0,3.0,100000.0,104674.6403,-2909.0,8030.0,4.6746403,0.09123166320516574,0.14181653463731814,1584.0,-4493.0,446.3597,8289.3566,7.907864763364457,33.33333333333333,66.66666666666666,1.0,2.0,-969.6666666666666,-1.1332431149876032,4.333333333333333,1584.0,1.7736571601330242,5.0,-2246.5,-2.586693252547917,4.0,1584.0,1.7736571601330242,5.0,-2792.0,-3.338435048785154,2.0,1.0,2.0,0.6433076611163977,1.2680474142970244,0.35254840863565545,0.04890302708227233,1.8655626992513479,0.1978922386363544,1877.1887711182014,1.153682642978717,16.666666666666664,-0.012256953155373769,-0.018145045191348772,-0.016510318094390925,-0.02374487626273569,-0.9030434272056832,-0.6121632996632999,0.915993524672377,1.0917107742193586,0.5944867134094238,,
0.0001,1e-06,0.001,0.02,0.01,0.05,2026-01-05 00:00:00+08:00,2026-07-15 00:00:00+08:00,191 days,127.0,3.0,100000.0,104674.6403,-2909.0,8030.0,4.6746403,0.09123166320516574,0.14181653463731814,1584.0,-4493.0,446.3597,8289.3566,7.907864763364457,33.33333333333333,66.66666666666666,1.0,2.0,-969.6666666666666,-1.1332431149876032,4.333333333333333,1584.0,1.7736571601330242,5.0,-2246.5,-2.586693252547917,4.0,1584.0,1.7736571601330242,5.0,-2792.0,-3.338435048785154,2.0,1.0,2.0,0.6433076611163977,1.2680474142970244,0.35254840863565545,0.04890302708227233,1.8655626992513479,0.1978922386363544,1877.1887711182014,1.153682642978717,16.666666666666664,-0.012256953155373769,-0.018145045191348772,-0.016510318094390925,-0.02374487626273569,-0.9030434272056832,-0.6121632996632999,0.915993524672377,1.0917107742193586,0.6733801364898682,,
0.0001,1e-06,0.001,0.02,0.01,0.08,2026-01-05 00:00:00+08:00,2026-07-15 00:00:00+08:00,191 days,127.0,3.0,100000.0,104674.6403,-2909.0,8030.0,4.6746403,0.09123166320516574,0.14181653463731814,1584.0,-4493.0,446.3597,8289.3566,7.907864763364457,33.33333333333333,66.66666666666666,1.0,2.0,-969.6666666666666,-1.1332431149876032,4.333333333333333,1584.0,1.7736571601330242,5.0,-2246.5,-2.586693252547917,4.0,1584.0,1.7736571601330242,5.0,-2792.0,-3.338435048785154,2.0,1.0,2.0,0.6433076611163977,1.2680474142970244,0.35254840863565545,0.04890302708227233,1.8655626992513479,0.1978922386363544,1877.1887711182014,1.153682642978717,16.666666666666664,-0.012256953155373769,-0.018145045191348772,-0.016510318094390925,-0.02374487626273569,-0.9030434272056832,-0.6121632996632999,0.915993524672377,1.0917107742193586,0.6471977233886719,,
0.0001,1e-06,0.001,0.03,0.01,0.03,2026-01-05 00:00:00+08:00,2026-07-15 00:00:00+08:00,191 days,127.0,3.0,100000.0,104674.6403,-2909.0,8030.0,4.6746403,0.09123166320516574,0.14181653463731814,1584.0,-4493.0,446.3597,8289.3566,7.907864763364457,33.33333333333333,66.66666666666666,1.0,2.0,-969.6666666666666,-1.1332431149876032,4.333333333333333,1584.0,1.7736571601330242,5.0,-2246.5,-2.586693252547917,4.0,1584.0,1.7736571601330242,5.0,-2792.0,-3.338435048785154,2.0,1.0,2.0,0.6433076611163977,1.2680474142970244,0.35254840863565545,0.04890302708227233,1.8655626992513479,0.1978922386363544,1877.1887711182014,1.153682642978717,16.666666666666664,-0.012256953155373769,-0.018145045191348772,-0.016510318094390925,-0.02374487626273569,-0.9030434272056832,-0.6121632996632999,0.915993524672377,1.0917107742193586,0.5874412059783936,,
0.0001,1e-06,0.001,0.03,0.01,0.05,2026-01-05 00:00:00+08:00,2026-07-15 00:00:00+08:00,191 days,127.0,3.0,100000.0,104674.6403,-2909.0,8030.0,4.6746403,0.09123166320516574,0.14181653463731814,1584.0,-4493.0,446.3597,8289.3566,7.907864763364457,33.33333333333333,66.66666666666666,1.0,2.0,-969.6666666666666,-1.1332431149876032,4.333333333333333,1584.0,1.7736571601330242,5.0,-2246.5,-2.586693252547917,4.0,1584.0,1.7736571601330242,5.0,-2792.0,-3.338435048785154,2.0,1.0,2.0,0.6433076611163977,1.2680474142970244,0.35254840863565545,0.04890302708227233,1.8655626992513479,0.1978922386363544,1877.1887711182014,1.153682642978717,16.666666666666664,-0.012256953155373769,-0.018145045191348772,-0.016510318094390925,-0.02374487626273569,-0.9030434272056832,-0.6121632996632999,0.915993524672377,1.0917107742193586,0.7291796207427979,,
0.0001,1e-06,0.001,0.03,0.01,0.08,2026-01-05 00:00:00+08:00,2026-07-15 00:00:00+08:00,191 days,127.0,3.0,100000.0,104674.6403,-2909.0,8030.0,4.6746403,0.09123166320516574,0.14181653463731814,1584.0,-4493.0,446.3597,8289.3566,7.907864763364457,33.33333333333333,66.66666666666666,1.0,2.0,-969.6666666666666,-1.1332431149876032,4.333333333333333,1584.0,1.7736571601330242,5.0,-2246.5,-2.586693252547917,4.0,1584.0,1.7736571601330242,5.0,-2792.0,-3.338435048785154,2.0,1.0,2.0,0.6433076611163977,1.2680474142970244,0.35254840863565545,0.04890302708227233,1.8655626992513479,0.1978922386363544,1877.1887711182014,1.153682642978717,16.666666666666664,-0.012256953155373769,-0.018145045191348772,-0.016510318094390925,-0.02374487626273569,-0.9030434272056832,-0.6121632996632999,0.915993524672377,1.0917107742193586,0.5766584873199463,,
0.0001,1e-06,0.01,0.03,0.01,0.03,2026-01-05 00:00:00+08:00,2026-07-15 00:00:00+08:00,191 days,127.0,3.0,100000.0,104674.6403,-2909.0,8030.0,4.6746403,0.09123166320516574,0.14181653463731814,1584.0,-4493.0,446.3597,8289.3566,7.907864763364457,33.33333333333333,66.66666666666666,1.0,2.0,-969.6666666666666,-1.1332431149876032,4.333333333333333,1584.0,1.7736571601330242,5.0,-2246.5,-2.586693252547917,4.0,1584.0,1.7736571601330242,5.0,-2792.0,-3.338435048785154,2.0,1.0,2.0,0.6433076611163977,1.2680474142970244,0.35254840863565545,0.04890302708227233,1.8655626992513479,0.1978922386363544,1877.1887711182014,1.153682642978717,16.666666666666664,-0.012256953155373769,-0.018145045191348772,-0.016510318094390925,-0.02374487626273569,-0.9030434272056832,-0.6121632996632999,0.915993524672377,1.0917107742193586,0.6371304988861084,,
0.0001,1e-06,0.01,0.03,0.01,0.05,2026-01-05 00:00:00+08:00,2026-07-15 00:00:00+08:00,191 days,127.0,3.0,100000.0,104674.6403,-2909.0,8030.0,4.6746403,0.09123166320516574,0.14181653463731814,1584.0,-4493.0,446.3597,8289.3566,7.907864763364457,33.33333333333333,66.66666666666666,1.0,2.0,-969.6666666666666,-1.1332431149876032,4.333333333333333,1584.0,1.7736571601330242,5.0,-2246.5,-2.586693252547917,4.0,1584.0,1.7736571601330242,5.0,-2792.0,-3.338435048785154,2.0,1.0,2.0,0.6433076611163977,1.2680474142970244,0.35254840863565545,0.04890302708227233,1.8655626992513479,0.1978922386363544,1877.1887711182014,1.153682642978717,16.666666666666664,-0.012256953155373769,-0.018145045191348772,-0.016510318094390925,-0.02374487626273569,-0.9030434272056832,-0.6121632996632999,0.915993524672377,1.0917107742193586,0.7505102157592773,,
0.0001,1e-06,0.01,0.03,0.01,0.08,2026-01-05 00:00:00+08:00,2026-07-15 00:00:00+08:00,191 days,127.0,3.0,100000.0,104674.6403,-2909.0,8030.0,4.6746403,0.09123166320516574,0.14181653463731814,1584.0,-4493.0,446.3597,8289.3566,7.907864763364457,33.33333333333333,66.66666666666666,1.0,2.0,-969.6666666666666,-1.1332431149876032,4.333333333333333,1584.0,1.7736571601330242,5.0,-2246.5,-2.586693252547917,4.0,1584.0,1.7736571601330242,5.0,-2792.0,-3.338435048785154,2.0,1.0,2.0,0.6433076611163977,1.2680474142970244,0.35254840863565545,0.04890302708227233,1.8655626992513479,0.1978922386363544,1877.1887711182014,1.153682642978717,16.666666666666664,-0.012256953155373769,-0.018145045191348772,-0.016510318094390925,-0.02374487626273569,-0.9030434272056832,-0.6121632996632999,0.915993524672377,1.0917107742193586,0.7855525016784668,,
0.001,1e-06,0.01,0.02,0.01,0.03,2026-01-05 00:00:00+08:00,2026-07-15 00:00:00+08:00,191 days,127.0,3.0,100000.0,104674.6403,-2909.0,8030.0,4.6746403,0.09123166320516574,0.14181653463731814,1584.0,-4493.0,446.3597,8289.3566,7.907864763364457,33.33333333333333,66.66666666666666,1.0,2.0,-969.6666666666666,-1.1332431149876032,4.333333333333333,1584.0,1.7736571601330242,5.0,-2246.5,-2.586693252547917,4.0,1584.0,1.7736571601330242,5.0,-2792.0,-3.338435048785154,2.0,1.0,2.0,0.6433076611163977,1.2680474142970244,0.35254840863565545,0.04890302708227233,1.8655626992513479,0.1978922386363544,1877.1887711182014,1.153682642978717,16.666666666666664,-0.012256953155373769,-0.018145045191348772,-0.016510318094390925,-0.02374487626273569,-0.9030434272056832,-0.6121632996632999,0.915993524672377,1.0917107742193586,0.6059870719909668,,
0.001,1e-06,0.01,0.02,0.01,0.05,2026-01-05 00:00:00+08:00,2026-07-15 00:00:00+08:00,191 days,127.0,3.0,100000.0,104674.6403,-2909.0,8030.0,4.6746403,0.09123166320516574,0.14181653463731814,1584.0,-4493.0,446.3597,8289.3566,7.907864763364457,33.33333333333333,66.66666666666666,1.0,2.0,-969.6666666666666,-1.1332431149876032,4.333333333333333,1584.0,1.7736571601330242,5.0,-2246.5,-2.586693252547917,4.0,1584.0,1.7736571601330242,5.0,-2792.0,-3.338435048785154,2.0,1.0,2.0,0.6433076611163977,1.2680474142970244,0.35254840863565545,0.04890302708227233,1.8655626992513479,0.1978922386363544,1877.1887711182014,1.153682642978717,16.666666666666664,-0.012256953155373769,-0.018145045191348772,-0.016510318094390925,-0.02374487626273569,-0.9030434272056832,-0.6121632996632999,0.915993524672377,1.0917107742193586,0.6286220550537109,,
0.001,1e-06,0.01,0.02,0.01,0.08,2026-01-05 00:00:00+08:00,2026-07-15 00:00:00+08:00,191 days,127.0,3.0,100000.0,104674.6403,-2909.0,8030.0,4.6746403,0.09123166320516574,0.14181653463731814,1584.0,-4493.0,446.3597,8289.3566,7.907864763364457,33.33333333333333,66.66666666666666,1.0,2.0,-969.6666666666666,-1.1332431149876032,4.333333333333333,1584.0,1.7736571601330242,5.0,-2246.5,-2.586693252547917,4.0,1584.0,1.7736571601330242,5.0,-2792.0,-3.338435048785154,2.0,1.0,2.0,0.6433076611163977,1.2680474142970244,0.35254840863565545,0.04890302708227233,1.8655626992513479,0.1978922386363544,1877.1887711182014,1.153682642978717,16.666666666666664,-0.012256953155373769,-0.018145045191348772,-0.016510318094390925,-0.02374487626273569,-0.9030434272056832,-0.6121632996632999,0.915993524672377,1.0917107742193586,0.5867190361022949,,
0.001,1e-05,0.01,0.02,0.01,0.03,2026-01-05 00:00:00+08:00,2026-07-15 00:00:00+08:00,191 days,127.0,3.0,100000.0,104674.6403,-2909.0,8030.0,4.6746403,0.09123166320516574,0.14181653463731814,1584.0,-4493.0,446.3597,8289.3566,7.907864763364457,33.33333333333333,66.66666666666666,1.0,2.0,-969.6666666666666,-1.1332431149876032,4.333333333333333,1584.0,1.7736571601330242,5.0,-2246.5,-2.586693252547917,4.0,1584.0,1.7736571601330242,5.0,-2792.0,-3.338435048785154,2.0,1.0,2.0,0.6433076611163977,1.2680474142970244,0.35254840863565545,0.04890302708227233,1.8655626992513479,0.1978922386363544,1877.1887711182014,1.153682642978717,16.666666666666664,-0.012256953155373769,-0.018145045191348772,-0.016510318094390925,-0.02374487626273569,-0.9030434272056832,-0.6121632996632999,0.915993524672377,1.0917107742193586,0.6442246437072754,,
0.001,1e-05,0.01,0.02,0.01,0.05,2026-01-05 00:00:00+08:00,2026-07-15 00:00:00+08:00,191 days,127.0,3.0,100000.0,104674.6403,-2909.0,8030.0,4.6746403,0.09123166320516574,0.14181653463731814,1584.0,-4493.0,446.3597,8289.3566,7.907864763364457,33.33333333333333,66.66666666666666,1.0,2.0,-969.6666666666666,-1.1332431149876032,4.333333333333333,1584.0,1.7736571601330242,5.0,-2246.5,-2.586693252547917,4.0,1584.0,1.7736571601330242,5.0,-2792.0,-3.338435048785154,2.0,1.0,2.0,0.6433076611163977,1.2680474142970244,0.35254840863565545,0.04890302708227233,1.8655626992513479,0.1978922386363544,1877.1887711182014,1.153682642978717,16.666666666666664,-0.012256953155373769,-0.018145045191348772,-0.016510318094390925,-0.02374487626273569,-0.9030434272056832,-0.6121632996632999,0.915993524672377,1.0917107742193586,0.7043013572692871,,
0.001,1e-05,0.01,0.02,0.01,0.08,2026-01-05 00:00:00+08:00,2026-07-15 00:00:00+08:00,191 days,127.0,3.0,100000.0,104674.6403,-2909.0,8030.0,4.6746403,0.09123166320516574,0.14181653463731814,1584.0,-4493.0,446.3597,8289.3566,7.907864763364457,33.33333333333333,66.66666666666666,1.0,2.0,-969.6666666666666,-1.1332431149876032,4.333333333333333,1584.0,1.7736571601330242,5.0,-2246.5,-2.586693252547917,4.0,1584.0,1.7736571601330242,5.0,-2792.0,-3.338435048785154,2.0,1.0,2.0,0.6433076611163977,1.2680474142970244,0.35254840863565545,0.04890302708227233,1.8655626992513479,0.1978922386363544,1877.1887711182014,1.153682642978717,16.666666666666664,-0.012256953155373769,-0.018145045191348772,-0.016510318094390925,-0.02374487626273569,-0.9030434272056832,-0.6121632996632999,0.915993524672377,1.0917107742193586,0.6127724647521973,,
0.001,1e-05,0.01,0.03,0.01,0.03,2026-01-05 00:00:00+08:00,2026-07-15 00:00:00+08:00,191 days,127.0,3.0,100000.0,104674.6403,-2909.0,8030.0,4.6746403,0.09123166320516574,0.14181653463731814,1584.0,-4493.0,446.3597,8289.3566,7.907864763364457,33.33333333333333,66.66666666666666,1.0,2.0,-969.6666666666666,-1.1332431149876032,4.333333333333333,1584.0,1.7736571601330242,5.0,-2246.5,-2.586693252547917,4.0,1584.0,1.7736571601330242,5.0,-2792.0,-3.338435048785154,2.0,1.0,2.0,0.6433076611163977,1.2680474142970244,0.35254840863565545,0.04890302708227233,1.8655626992513479,0.1978922386363544,1877.1887711182014,1.153682642978717,16.666666666666664,-0.012256953155373769,-0.018145045191348772,-0.016510318094390925,-0.02374487626273569,-0.9030434272056832,-0.6121632996632999,0.915993524672377,1.0917107742193586,0.6083621978759766,,
0.001,1e-05,0.01,0.03,0.01,0.05,2026-01-05 00:00:00+08:00,2026-07-15 00:00:00+08:00,191 days,127.0,3.0,100000.0,104674.6403,-2909.0,8030.0,4.6746403,0.09123166320516574,0.14181653463731814,1584.0,-4493.0,446.3597,8289.3566,7.907864763364457,33.33333333333333,66.66666666666666,1.0,2.0,-969.6666666666666,-1.1332431149876032,4.333333333333333,1584.0,1.7736571601330242,5.0,-2246.5,-2.586693252547917,4.0,1584.0,1.7736571601330242,5.0,-2792.0,-3.338435048785154,2.0,1.0,2.0,0.6433076611163977,1.2680474142970244,0.35254840863565545,0.04890302708227233,1.8655626992513479,0.1978922386363544,1877.1887711182014,1.153682642978717,16.666666666666664,-0.012256953155373769,-0.018145045191348772,-0.016510318094390925,-0.02374487626273569,-0.9030434272056832,-0.6121632996632999,0.915993524672377,1.0917107742193586,0.6536216735839844,,
0.001,1e-05,0.01,0.03,0.01,0.08,2026-01-05 00:00:00+08:00,2026-07-15 00:00:00+08:00,191 days,127.0,3.0,100000.0,104674.6403,-2909.0,8030.0,4.6746403,0.09123166320516574,0.14181653463731814,1584.0,-4493.0,446.3597,8289.3566,7.907864763364457,33.33333333333333,66.66666666666666,1.0,2.0,-969.6666666666666,-1.1332431149876032,4.333333333333333,1584.0,1.7736571601330242,5.0,-2246.5,-2.586693252547917,4.0,1584.0,1.7736571601330242,5.0,-2792.0,-3.338435048785154,2.0,1.0,2.0,0.6433076611163977,1.2680474142970244,0.35254840863565545,0.04890302708227233,1.8655626992513479,0.1978922386363544,1877.1887711182014,1.153682642978717,16.666666666666664,-0.012256953155373769,-0.018145045191348772,-0.016510318094390925,-0.02374487626273569,-0.9030434272056832,-0.6121632996632999,0.915993524672377,1.0917107742193586,0.6117887496948242,,
0.001,1e-05,0.1,0.03,0.01,0.03,2026-01-05 00:00:00+08:00,2026-07-15 00:00:00+08:00,191 days,127.0,3.0,100000.0,104674.6403,-2909.0,8030.0,4.6746403,0.09123166320516574,0.14181653463731814,1584.0,-4493.0,446.3597,8289.3566,7.907864763364457,33.33333333333333,66.66666666666666,1.0,2.0,-969.6666666666666,-1.1332431149876032,4.333333333333333,1584.0,1.7736571601330242,5.0,-2246.5,-2.586693252547917,4.0,1584.0,1.7736571601330242,5.0,-2792.0,-3.338435048785154,2.0,1.0,2.0,0.6433076611163977,1.2680474142970244,0.35254840863565545,0.04890302708227233,1.8655626992513479,0.1978922386363544,1877.1887711182014,1.153682642978717,16.666666666666664,-0.012256953155373769,-0.018145045191348772,-0.016510318094390925,-0.02374487626273569,-0.9030434272056832,-0.6121632996632999,0.915993524672377,1.0917107742193586,0.8119473457336426,,
0.001,1e-05,0.1,0.03,0.01,0.05,2026-01-05 00:00:00+08:00,2026-07-15 00:00:00+08:00,191 days,127.0,3.0,100000.0,104674.6403,-2909.0,8030.0,4.6746403,0.09123166320516574,0.14181653463731814,1584.0,-4493.0,446.3597,8289.3566,7.907864763364457,33.33333333333333,66.66666666666666,1.0,2.0,-969.6666666666666,-1.1332431149876032,4.333333333333333,1584.0,1.7736571601330242,5.0,-2246.5,-2.586693252547917,4.0,1584.0,1.7736571601330242,5.0,-2792.0,-3.338435048785154,2.0,1.0,2.0,0.6433076611163977,1.2680474142970244,0.35254840863565545,0.04890302708227233,1.8655626992513479,0.1978922386363544,1877.1887711182014,1.153682642978717,16.666666666666664,-0.012256953155373769,-0.018145045191348772,-0.016510318094390925,-0.02374487626273569,-0.9030434272056832,-0.6121632996632999,0.915993524672377,1.0917107742193586,0.7008018493652344,,
0.001,1e-05,0.1,0.03,0.01,0.08,2026-01-05 00:00:00+08:00,2026-07-15 00:00:00+08:00,191 days,127.0,3.0,100000.0,104674.6403,-2909.0,8030.0,4.6746403,0.09123166320516574,0.14181653463731814,1584.0,-4493.0,446.3597,8289.3566,7.907864763364457,33.33333333333333,66.66666666666666,1.0,2.0,-969.6666666666666,-1.1332431149876032,4.333333333333333,1584.0,1.7736571601330242,5.0,-2246.5,-2.586693252547917,4.0,1584.0,1.7736571601330242,5.0,-2792.0,-3.338435048785154,2.0,1.0,2.0,0.6433076611163977,1.2680474142970244,0.35254840863565545,0.04890302708227233,1.8655626992513479,0.1978922386363544,1877.1887711182014,1.153682642978717,16.666666666666664,-0.012256953155373769,-0.018145045191348772,-0.016510318094390925,-0.02374487626273569,-0.9030434272056832,-0.6121632996632999,0.915993524672377,1.0917107742193586,0.6826927661895752,,
1e-05,0.0001,0.001,0.02,0.005,0.03,2026-01-05 00:00:00+08:00,2026-07-15 00:00:00+08:00,191 days,127.0,7.0,100000.0,104470.1901,5519.0,0.0,4.4701901,0.08716221108651823,0.1409420377067242,8909.0,-3390.0,1048.8099,5953.009,5.508687911798957,71.42857142857143,28.57142857142857,5.0,2.0,788.4285714285714,0.9016944593346921,3.0,1781.8,1.9679797197040831,3.8,-1695.0,-1.764018691588785,1.0,3231.0,3.617857502771339,4.0,-2400.0,-2.5,1.0,3.0,1.0,0.6184259324239911,1.2280550660091314,2.628023598820059,0.028433927176340777,3.0654299191932908,0.4755932816153008,1514.3586704331346,1.582268091460166,16.666666666666664,-0.012626011474881871,-0.020154382887541625,-0.016240639599930145,-0.02212847232473389,1.0653883160454916,0.44248993794397323,0.9334349894703655,1.0713118870414358,0.7379999160766602,,
1e-05,0.0001,0.001,0.02,0.005,0.05,2026-01-05 00:00:00+08:00,2026-07-15 00:00:00+08:00,191 days,127.0,7.0,100000.0,104470.1901,5519.0,0.0,4.4701901,0.08716221108651823,0.1409420377067242,8909.0,-3390.0,1048.8099,5953.009,5.508687911798957,71.42857142857143,28.57142857142857,5.0,2.0,788.4285714285714,0.9016944593346921,3.0,1781.8,1.9679797197040831,3.8,-1695.0,-1.764018691588785,1.0,3231.0,3.617857502771339,4.0,-2400.0,-2.5,1.0,3.0,1.0,0.6184259324239911,1.2280550660091314,2.628023598820059,0.028433927176340777,3.0654299191932908,0.4755932816153008,1514.3586704331346,1.582268091460166,16.666666666666664,-0.012626011474881871,-0.020154382887541625,-0.016240639599930145,-0.02212847232473389,1.0653883160454916,0.44248993794397323,0.9334349894703655,1.0713118870414358,0.871213436126709,,
1e-05,0.0001,0.001,0.02,0.005,0.08,2026-01-05 00:00:00+08:00,2026-07-15 00:00:00+08:00,191 days,127.0,7.0,100000.0,104470.1901,5519.0,0.0,4.4701901,0.08716221108651823,0.1409420377067242,8909.0,-3390.0,1048.8099,5953.009,5.508687911798957,71.42857142857143,28.57142857142857,5.0,2.0,788.4285714285714,0.9016944593346921,3.0,1781.8,1.9679797197040831,3.8,-1695.0,-1.764018691588785,1.0,3231.0,3.617857502771339,4.0,-2400.0,-2.5,1.0,3.0,1.0,0.6184259324239911,1.2280550660091314,2.628023598820059,0.028433927176340777,3.0654299191932908,0.4755932816153008,1514.3586704331346,1.582268091460166,16.666666666666664,-0.012626011474881871,-0.020154382887541625,-0.016240639599930145,-0.02212847232473389,1.0653883160454916,0.44248993794397323,0.9334349894703655,1.0713118870414358,0.6634132862091064,,
1e-05,1e-06,0.001,0.01,0.005,0.03,2026-01-05 00:00:00+08:00,2026-07-15 00:00:00+08:00,191 days,127.0,5.0,100000.0,105190.2934,-4916.0,10846.0,5.1902934,0.10152760048975984,0.1686876911269191,3231.0,-8147.0,739.7066,10452.8875,9.97182588774897,20.0,80.0,1.0,4.0,-983.2,-1.1155107338670514,4.4,3231.0,3.617857502771339,4.0,-2036.75,-2.298852793026649,4.5,3231.0,3.617857502771339,4.0,-2792.0,-3.338435048785154,2.0,1.0,4.0,0.6018672720665279,1.1189213807147882,0.396587700994231,0.05495595774964132,1.8474357403119315,0.25238696035379105,2367.882670409685,1.0181445367441988,24.6031746031746,-0.01502515527236338,-0.023504579503444298,-0.019676666813188543,-0.02783878790405951,-1.0234623280645125,-0.3043020736614051,0.9595562169997712,1.0421484247443924,0.9406225681304932,,
1e-05,1e-06,0.001,0.01,0.005,0.05,2026-01-05 00:00:00+08:00,2026-07-15 00:00:00+08:00,191 days,127.0,5.0,100000.0,105190.2934,-4916.0,10846.0,5.1902934,0.10152760048975984,0.1686876911269191,3231.0,-8147.0,739.7066,10452.8875,9.97182588774897,20.0,80.0,1.0,4.0,-983.2,-1.1155107338670514,4.4,3231.0,3.617857502771339,4.0,-2036.75,-2.298852793026649,4.5,3231.0,3.617857502771339,4.0,-2792.0,-3.338435048785154,2.0,1.0,4.0,0.6018672720665279,1.1189213807147882,0.396587700994231,0.05495595774964132,1.8474357403119315,0.25238696035379105,2367.882670409685,1.0181445367441988,24.6031746031746,-0.01502515527236338,-0.023504579503444298,-0.019676666813188543,-0.02783878790405951,-1.0234623280645125,-0.3043020736614051,0.9595562169997712,1.0421484247443924,0.6238369941711426,,
1e-05,1e-06,0.001,0.01,0.005,0.08,2026-01-05 00:00:00+08:00,2026-07-15 00:00:00+08:00,191 days,127.0,5.0,100000.0,105190.2934,-4916.0,10846.0,5.1902934,0.10152760048975984,0.1686876911269191,3231.0,-8147.0,739.7066,10452.8875,9.97182588774897,20.0,80.0,1.0,4.0,-983.2,-1.1155107338670514,4.4,3231.0,3.617857502771339,4.0,-2036.75,-2.298852793026649,4.5,3231.0,3.617857502771339,4.0,-2792.0,-3.338435048785154,2.0,1.0,4.0,0.6018672720665279,1.1189213807147882,0.396587700994231,0.05495595774964132,1.8474357403119315,0.25238696035379105,2367.882670409685,1.0181445367441988,24.6031746031746,-0.01502515527236338,-0.023504579503444298,-0.019676666813188543,-0.02783878790405951,-1.0234623280645125,-0.3043020736614051,0.9595562169997712,1.0421484247443924,0.9350268840789795,,
1e-05,1e-05,0.01,0.01,0.005,0.03,2026-01-05 00:00:00+08:00,2026-07-15 00:00:00+08:00,191 days,127.0,5.0,100000.0,105190.2934,-4916.0,10846.0,5.1902934,0.10152760048975984,0.1686876911269191,3231.0,-8147.0,739.7066,10452.8875,9.97182588774897,20.0,80.0,1.0,4.0,-983.2,-1.1155107338670514,4.4,3231.0,3.617857502771339,4.0,-2036.75,-2.298852793026649,4.5,3231.0,3.617857502771339,4.0,-2792.0,-3.338435048785154,2.0,1.0,4.0,0.6018672720665279,1.1189213807147882,0.396587700994231,0.05495595774964132,1.8474357403119315,0.25238696035379105,2367.882670409685,1.0181445367441988,24.6031746031746,-0.01502515527236338,-0.023504579503444298,-0.019676666813188543,-0.02783878790405951,-1.0234623280645125,-0.3043020736614051,0.9595562169997712,1.0421484247443924,0.6845698356628418,,
1e-05,1e-05,0.01,0.01,0.005,0.05,2026-01-05 00:00:00+08:00,2026-07-15 00:00:00+08:00,191 days,127.0,5.0,100000.0,105190.2934,-4916.0,10846.0,5.1902934,0.10152760048975984,0.1686876911269191,3231.0,-8147.0,739.7066,10452.8875,9.97182588774897,20.0,80.0,1.0,4.0,-983.2,-1.1155107338670514,4.4,3231.0,3.617857502771339,4.0,-2036.75,-2.298852793026649,4.5,3231.0,3.617857502771339,4.0,-2792.0,-3.338435048785154,2.0,1.0,4.0,0.6018672720665279,1.1189213807147882,0.396587700994231,0.05495595774964132,1.8474357403119315,0.25238696035379105,2367.882670409685,1.0181445367441988,24.6031746031746,-0.01502515527236338,-0.023504579503444298,-0.019676666813188543,-0.02783878790405951,-1.0234623280645125,-0.3043020736614051,0.9595562169997712,1.0421484247443924,0.7546930313110352,,
1e-05,1e-05,0.01,0.01,0.005,0.08,2026-01-05 00:00:00+08:00,2026-07-15 00:00:00+08:00,191 days,127.0,5.0,100000.0,105190.2934,-4916.0,10846.0,5.1902934,0.10152760048975984,0.1686876911269191,3231.0,-8147.0,739.7066,10452.8875,9.97182588774897,20.0,80.0,1.0,4.0,-983.2,-1.1155107338670514,4.4,3231.0,3.617857502771339,4.0,-2036.75,-2.298852793026649,4.5,3231.0,3.617857502771339,4.0,-2792.0,-3.338435048785154,2.0,1.0,4.0,0.6018672720665279,1.1189213807147882,0.396587700994231,0.05495595774964132,1.8474357403119315,0.25238696035379105,2367.882670409685,1.0181445367441988,24.6031746031746,-0.01502515527236338,-0.023504579503444298,-0.019676666813188543,-0.02783878790405951,-1.0234623280645125,-0.3043020736614051,0.9595562169997712,1.0421484247443924,0.850639820098877,,
1e-05,0.0001,0.1,0.01,0.005,0.03,2026-01-05 00:00:00+08:00,2026-07-15 00:00:00+08:00,191 days,127.0,5.0,100000.0,105190.2934,-4916.0,10846.0,5.1902934,0.10152760048975984,0.1686876911269191,3231.0,-8147.0,739.7066,10452.8875,9.97182588774897,20.0,80.0,1.0,4.0,-983.2,-1.1155107338670514,4.4,3231.0,3.617857502771339,4.0,-2036.75,-2.298852793026649,4.5,3231.0,3.617857502771339,4.0,-2792.0,-3.338435048785154,2.0,1.0,4.0,0.6018672720665279,1.1189213807147882,0.396587700994231,0.05495595774964132,1.8474357403119315,0.25238696035379105,2367.882670409685,1.0181445367441988,24.6031746031746,-0.01502515527236338,-0.023504579503444298,-0.019676666813188543,-0.02783878790405951,-1.0234623280645125,-0.3043020736614051,0.9595562169997712,1.0421484247443924,0.737236499786377,,
1e-05,0.0001,0.1,0.01,0.005,0.05,2026-01-05 00:00:00+08:00,2026-07-15 00:00:00+08:00,191 days,127.0,5.0,100000.0,105190.2934,-4916.0,10846.0,5.1902934,0.10152760048975984,0.1686876911269191,3231.0,-8147.0,739.7066,10452.8875,9.97182588774897,20.0,80.0,1.0,4.0,-983.2,-1.1155107338670514,4.4,3231.0,3.617857502771339,4.0,-2036.75,-2.298852793026649,4.5,3231.0,3.617857502771339,4.0,-2792.0,-3.338435048785154,2.0,1.0,4.0,0.6018672720665279,1.1189213807147882,0.396587700994231,0.05495595774964132,1.8474357403119315,0.25238696035379105,2367.882670409685,1.0181445367441988,24.6031746031746,-0.01502515527236338,-0.023504579503444298,-0.019676666813188543,-0.02783878790405951,-1.0234623280645125,-0.3043020736614051,0.9595562169997712,1.0421484247443924,0.73419189453125,,
1e-05,0.0001,0.1,0.01,0.005,0.08,2026-01-05 00:00:00+08:00,2026-07-15 00:00:00+08:00,191 days,127.0,5.0,100000.0,105190.2934,-4916.0,10846.0,5.1902934,0.10152760048975984,0.1686876911269191,3231.0,-8147.0,739.7066,10452.8875,9.97182588774897,20.0,80.0,1.0,4.0,-983.2,-1.1155107338670514,4.4,3231.0,3.617857502771339,4.0,-2036.75,-2.298852793026649,4.5,3231.0,3.617857502771339,4.0,-2792.0,-3.338435048785154,2.0,1.0,4.0,0.6018672720665279,1.1189213807147882,0.396587700994231,0.05495595774964132,1.8474357403119315,0.25238696035379105,2367.882670409685,1.0181445367441988,24.6031746031746,-0.01502515527236338,-0.023504579503444298,-0.019676666813188543,-0.02783878790405951,-1.0234623280645125,-0.3043020736614051,0.9595562169997712,1.0421484247443924,0.7068030834197998,,
0.0001,1e-05,0.01,0.01,0.005,0.03,2026-01-05 00:00:00+08:00,2026-07-15 00:00:00+08:00,191 days,127.0,5.0,100000.0,105190.2934,-4916.0,10846.0,5.1902934,0.10152760048975984,0.1686876911269191,3231.0,-8147.0,739.7066,10452.8875,9.97182588774897,20.0,80.0,1.0,4.0,-983.2,-1.1155107338670514,4.4,3231.0,3.617857502771339,4.0,-2036.75,-2.298852793026649,4.5,3231.0,3.617857502771339,4.0,-2792.0,-3.338435048785154,2.0,1.0,4.0,0.6018672720665279,1.1189213807147882,0.396587700994231,0.05495595774964132,1.8474357403119315,0.25238696035379105,2367.882670409685,1.0181445367441988,24.6031746031746,-0.01502515527236338,-0.023504579503444298,-0.019676666813188543,-0.02783878790405951,-1.0234623280645125,-0.3043020736614051,0.9595562169997712,1.0421484247443924,0.7011735439300537,,
0.0001,1e-05,0.01,0.01,0.005,0.05,2026-01-05 00:00:00+08:00,2026-07-15 00:00:00+08:00,191 days,127.0,5.0,100000.0,105190.2934,-4916.0,10846.0,5.1902934,0.10152760048975984,0.1686876911269191,3231.0,-8147.0,739.7066,10452.8875,9.97182588774897,20.0,80.0,1.0,4.0,-983.2,-1.1155107338670514,4.4,3231.0,3.617857502771339,4.0,-2036.75,-2.298852793026649,4.5,3231.0,3.617857502771339,4.0,-2792.0,-3.338435048785154,2.0,1.0,4.0,0.6018672720665279,1.1189213807147882,0.396587700994231,0.05495595774964132,1.8474357403119315,0.25238696035379105,2367.882670409685,1.0181445367441988,24.6031746031746,-0.01502515527236338,-0.023504579503444298,-0.019676666813188543,-0.02783878790405951,-1.0234623280645125,-0.3043020736614051,0.9595562169997712,1.0421484247443924,0.6234133243560791,,
0.0001,1e-05,0.01,0.01,0.005,0.08,2026-01-05 00:00:00+08:00,2026-07-15 00:00:00+08:00,191 days,127.0,5.0,100000.0,105190.2934,-4916.0,10846.0,5.1902934,0.10152760048975984,0.1686876911269191,3231.0,-8147.0,739.7066,10452.8875,9.97182588774897,20.0,80.0,1.0,4.0,-983.2,-1.1155107338670514,4.4,3231.0,3.617857502771339,4.0,-2036.75,-2.298852793026649,4.5,3231.0,3.617857502771339,4.0,-2792.0,-3.338435048785154,2.0,1.0,4.0,0.6018672720665279,1.1189213807147882,0.396587700994231,0.05495595774964132,1.8474357403119315,0.25238696035379105,2367.882670409685,1.0181445367441988,24.6031746031746,-0.01502515527236338,-0.023504579503444298,-0.019676666813188543,-0.02783878790405951,-1.0234623280645125,-0.3043020736614051,0.9595562169997712,1.0421484247443924,0.6974384784698486,,
0.0001,0.0001,0.1,0.01,0.005,0.03,2026-01-05 00:00:00+08:00,2026-07-15 00:00:00+08:00,191 days,127.0,5.0,100000.0,105190.2934,-4916.0,10846.0,5.1902934,0.10152760048975984,0.1686876911269191,3231.0,-8147.0,739.7066,10452.8875,9.97182588774897,20.0,80.0,1.0,4.0,-983.2,-1.1155107338670514,4.4,3231.0,3.617857502771339,4.0,-2036.75,-2.298852793026649,4.5,3231.0,3.617857502771339,4.0,-2792.0,-3.338435048785154,2.0,1.0,4.0,0.6018672720665279,1.1189213807147882,0.396587700994231,0.05495595774964132,1.8474357403119315,0.25238696035379105,2367.882670409685,1.0181445367441988,24.6031746031746,-0.01502515527236338,-0.023504579503444298,-0.019676666813188543,-0.02783878790405951,-1.0234623280645125,-0.3043020736614051,0.9595562169997712,1.0421484247443924,0.7386507987976074,,
0.0001,0.0001,0.1,0.01,0.005,0.05,2026-01-05 00:00:00+08:00,2026-07-15 00:00:00+08:00,191 days,127.0,5.0,100000.0,105190.2934,-4916.0,10846.0,5.1902934,0.10152760048975984,0.1686876911269191,3231.0,-8147.0,739.7066,10452.8875,9.97182588774897,20.0,80.0,1.0,4.0,-983.2,-1.1155107338670514,4.4,3231.0,3.617857502771339,4.0,-2036.75,-2.298852793026649,4.5,3231.0,3.617857502771339,4.0,-2792.0,-3.338435048785154,2.0,1.0,4.0,0.6018672720665279,1.1189213807147882,0.396587700994231,0.05495595774964132,1.8474357403119315,0.25238696035379105,2367.882670409685,1.0181445367441988,24.6031746031746,-0.01502515527236338,-0.023504579503444298,-0.019676666813188543,-0.02783878790405951,-1.0234623280645125,-0.3043020736614051,0.9595562169997712,1.0421484247443924,0.894913911819458,,
0.0001,0.0001,0.1,0.01,0.005,0.08,2026-01-05 00:00:00+08:00,2026-07-15 00:00:00+08:00,191 days,127.0,5.0,100000.0,105190.2934,-4916.0,10846.0,5.1902934,0.10152760048975984,0.1686876911269191,3231.0,-8147.0,739.7066,10452.8875,9.97182588774897,20.0,80.0,1.0,4.0,-983.2,-1.1155107338670514,4.4,3231.0,3.617857502771339,4.0,-2036.75,-2.298852793026649,4.5,3231.0,3.617857502771339,4.0,-2792.0,-3.338435048785154,2.0,1.0,4.0,0.6018672720665279,1.1189213807147882,0.396587700994231,0.05495595774964132,1.8474357403119315,0.25238696035379105,2367.882670409685,1.0181445367441988,24.6031746031746,-0.01502515527236338,-0.023504579503444298,-0.019676666813188543,-0.02783878790405951,-1.0234623280645125,-0.3043020736614051,0.9595562169997712,1.0421484247443924,0.8511135578155518,,
0.001,0.0001,0.1,0.01,0.005,0.03,2026-01-05 00:00:00+08:00,2026-07-15 00:00:00+08:00,191 days,127.0,5.0,100000.0,105190.2934,-4916.0,10846.0,5.1902934,0.10152760048975984,0.1686876911269191,3231.0,-8147.0,739.7066,10452.8875,9.97182588774897,20.0,80.0,1.0,4.0,-983.2,-1.1155107338670514,4.4,3231.0,3.617857502771339,4.0,-2036.75,-2.298852793026649,4.5,3231.0,3.617857502771339,4.0,-2792.0,-3.338435048785154,2.0,1.0,4.0,0.6018672720665279,1.1189213807147882,0.396587700994231,0.05495595774964132,1.8474357403119315,0.25238696035379105,2367.882670409685,1.0181445367441988,24.6031746031746,-0.01502515527236338,-0.023504579503444298,-0.019676666813188543,-0.02783878790405951,-1.0234623280645125,-0.3043020736614051,0.9595562169997712,1.0421484247443924,0.6230933666229248,,
0.001,0.0001,0.1,0.01,0.005,0.05,2026-01-05 00:00:00+08:00,2026-07-15 00:00:00+08:00,191 days,127.0,5.0,100000.0,105190.2934,-4916.0,10846.0,5.1902934,0.10152760048975984,0.1686876911269191,3231.0,-8147.0,739.7066,10452.8875,9.97182588774897,20.0,80.0,1.0,4.0,-983.2,-1.1155107338670514,4.4,3231.0,3.617857502771339,4.0,-2036.75,-2.298852793026649,4.5,3231.0,3.617857502771339,4.0,-2792.0,-3.338435048785154,2.0,1.0,4.0,0.6018672720665279,1.1189213807147882,0.396587700994231,0.05495595774964132,1.8474357403119315,0.25238696035379105,2367.882670409685,1.0181445367441988,24.6031746031746,-0.01502515527236338,-0.023504579503444298,-0.019676666813188543,-0.02783878790405951,-1.0234623280645125,-0.3043020736614051,0.9595562169997712,1.0421484247443924,0.8530325889587402,,
0.001,0.0001,0.1,0.01,0.005,0.08,2026-01-05 00:00:00+08:00,2026-07-15 00:00:00+08:00,191 days,127.0,5.0,100000.0,105190.2934,-4916.0,10846.0,5.1902934,0.10152760048975984,0.1686876911269191,3231.0,-8147.0,739.7066,10452.8875,9.97182588774897,20.0,80.0,1.0,4.0,-983.2,-1.1155107338670514,4.4,3231.0,3.617857502771339,4.0,-2036.75,-2.298852793026649,4.5,3231.0,3.617857502771339,4.0,-2792.0,-3.338435048785154,2.0,1.0,4.0,0.6018672720665279,1.1189213807147882,0.396587700994231,0.05495595774964132,1.8474357403119315,0.25238696035379105,2367.882670409685,1.0181445367441988,24.6031746031746,-0.01502515527236338,-0.023504579503444298,-0.019676666813188543,-0.02783878790405951,-1.0234623280645125,-0.3043020736614051,0.9595562169997712,1.0421484247443924,0.6075558662414551,,
1e-05,1e-05,0.001,0.02,0.005,0.03,2026-01-05 00:00:00+08:00,2026-07-15 00:00:00+08:00,191 days,127.0,6.0,100000.0,103883.7994,4750.0,0.0,3.8837994,0.07553068861394019,0.13755931227101353,10051.0,-5301.0,866.2006,8028.477,7.529321772600972,66.66666666666666,33.33333333333333,4.0,2.0,791.6666666666666,0.8898706573425557,4.0,2512.75,2.794414748210122,5.25,-2650.5,-2.919217524392577,1.5,5434.0,6.031746031746032,6.0,-3141.0,-3.338435048785154,2.0,2.0,1.0,0.5490772479665559,1.0862232738719222,1.896057347670251,0.0388390310394275,1.9447109413534314,0.01615731381821295,2042.5480824645176,1.0031539479265532,19.047619047619047,-0.012098285846131315,-0.019540481461943777,-0.01588802220928818,-0.021023492208980955,0.6572821202035084,0.3150598613736607,0.9198118906659737,1.0871788135680303,0.6729469299316406,,
1e-05,1e-05,0.001,0.02,0.005,0.05,2026-01-05 00:00:00+08:00,2026-07-15 00:00:00+08:00,191 days,127.0,6.0,100000.0,103883.7994,4750.0,0.0,3.8837994,0.07553068861394019,0.13755931227101353,10051.0,-5301.0,866.2006,8028.477,7.529321772600972,66.66666666666666,33.33333333333333,4.0,2.0,791.6666666666666,0.8898706573425557,4.0,2512.75,2.794414748210122,5.25,-2650.5,-2.919217524392577,1.5,5434.0,6.031746031746032,6.0,-3141.0,-3.338435048785154,2.0,2.0,1.0,0.5490772479665559,1.0862232738719222,1.896057347670251,0.0388390310394275,1.9447109413534314,0.01615731381821295,2042.5480824645176,1.0031539479265532,19.047619047619047,-0.012098285846131315,-0.019540481461943777,-0.01588802220928818,-0.021023492208980955,0.6572821202035084,0.3150598613736607,0.9198118906659737,1.0871788135680303,0.6822705268859863,,
1e-05,1e-05,0.001,0.02,0.005,0.08,2026-01-05 00:00:00+08:00,2026-07-15 00:00:00+08:00,191 days,127.0,6.0,100000.0,103883.7994,4750.0,0.0,3.8837994,0.07553068861394019,0.13755931227101353,10051.0,-5301.0,866.2006,8028.477,7.529321772600972,66.66666666666666,33.33333333333333,4.0,2.0,791.6666666666666,0.8898706573425557,4.0,2512.75,2.794414748210122,5.25,-2650.5,-2.919217524392577,1.5,5434.0,6.031746031746032,6.0,-3141.0,-3.338435048785154,2.0,2.0,1.0,0.5490772479665559,1.0862232738719222,1.896057347670251,0.0388390310394275,1.9447109413534314,0.01615731381821295,2042.5480824645176,1.0031539479265532,19.047619047619047,-0.012098285846131315,-0.019540481461943777,-0.01588802220928818,-0.021023492208980955,0.6572821202035084,0.3150598613736607,0.9198118906659737,1.0871788135680303,0.6420061588287354,,
1e-05,0.0001,0.01,0.02,0.005,0.03,2026-01-05 00:00:00+08:00,2026-07-15 00:00:00+08:00,191 days,127.0,6.0,100000.0,103883.7994,4750.0,0.0,3.8837994,0.07553068861394019,0.13755931227101353,10051.0,-5301.0,866.2006,8028.477,7.529321772600972,66.66666666666666,33.33333333333333,4.0,2.0,791.6666666666666,0.8898706573425557,4.0,2512.75,2.794414748210122,5.25,-2650.5,-2.919217524392577,1.5,5434.0,6.031746031746032,6.0,-3141.0,-3.338435048785154,2.0,2.0,1.0,0.5490772479665559,1.0862232738719222,1.896057347670251,0.0388390310394275,1.9447109413534314,0.01615731381821295,2042.5480824645176,1.0031539479265532,19.047619047619047,-0.012098285846131315,-0.019540481461943777,-0.01588802220928818,-0.021023492208980955,0.6572821202035084,0.3150598613736607,0.9198118906659737,1.0871788135680303,0.615349292755127,,
1e-05,0.0001,0.01,0.02,0.005,0.05,2026-01-05 00:00:00+08:00,2026-07-15 00:00:00+08:00,191 days,127.0,6.0,100000.0,103883.7994,4750.0,0.0,3.8837994,0.07553068861394019,0.13755931227101353,10051.0,-5301.0,866.2006,8028.477,7.529321772600972,66.66666666666666,33.33333333333333,4.0,2.0,791.6666666666666,0.8898706573425557,4.0,2512.75,2.794414748210122,5.25,-2650.5,-2.919217524392577,1.5,5434.0,6.031746031746032,6.0,-3141.0,-3.338435048785154,2.0,2.0,1.0,0.5490772479665559,1.0862232738719222,1.896057347670251,0.0388390310394275,1.9447109413534314,0.01615731381821295,2042.5480824645176,1.0031539479265532,19.047619047619047,-0.012098285846131315,-0.019540481461943777,-0.01588802220928818,-0.021023492208980955,0.6572821202035084,0.3150598613736607,0.9198118906659737,1.0871788135680303,0.6235289573669434,,
1e-05,0.0001,0.01,0.02,0.005,0.08,2026-01-05 00:00:00+08:00,2026-07-15 00:00:00+08:00,191 days,127.0,6.0,100000.0,103883.7994,4750.0,0.0,3.8837994,0.07553068861394019,0.13755931227101353,10051.0,-5301.0,866.2006,8028.477,7.529321772600972,66.66666666666666,33.33333333333333,4.0,2.0,791.6666666666666,0.8898706573425557,4.0,2512.75,2.794414748210122,5.25,-2650.5,-2.919217524392577,1.5,5434.0,6.031746031746032,6.0,-3141.0,-3.338435048785154,2.0,2.0,1.0,0.5490772479665559,1.0862232738719222,1.896057347670251,0.0388390310394275,1.9447109413534314,0.01615731381821295,2042.5480824645176,1.0031539479265532,19.047619047619047,-0.012098285846131315,-0.019540481461943777,-0.01588802220928818,-0.021023492208980955,0.6572821202035084,0.3150598613736607,0.9198118906659737,1.0871788135680303,0.6577963829040527,,
0.0001,0.0001,0.01,0.02,0.005,0.03,2026-01-05 00:00:00+08:00,2026-07-15 00:00:00+08:00,191 days,127.0,6.0,100000.0,103883.7994,4750.0,0.0,3.8837994,0.07553068861394019,0.13755931227101353,10051.0,-5301.0,866.2006,8028.477,7.529321772600972,66.66666666666666,33.33333333333333,4.0,2.0,791.6666666666666,0.8898706573425557,4.0,2512.75,2.794414748210122,5.25,-2650.5,-2.919217524392577,1.5,5434.0,6.031746031746032,6.0,-3141.0,-3.338435048785154,2.0,2.0,1.0,0.5490772479665559,1.0862232738719222,1.896057347670251,0.0388390310394275,1.9447109413534314,0.01615731381821295,2042.5480824645176,1.0031539479265532,19.047619047619047,-0.012098285846131315,-0.019540481461943777,-0.01588802220928818,-0.021023492208980955,0.6572821202035084,0.3150598613736607,0.9198118906659737,1.0871788135680303,0.7180492877960205,,
0.0001,0.0001,0.01,0.02,0.005,0.05,2026-01-05 00:00:00+08:00,2026-07-15 00:00:00+08:00,191 days,127.0,6.0,100000.0,103883.7994,4750.0,0.0,3.8837994,0.07553068861394019,0.13755931227101353,10051.0,-5301.0,866.2006,8028.477,7.529321772600972,66.66666666666666,33.33333333333333,4.0,2.0,791.6666666666666,0.8898706573425557,4.0,2512.75,2.794414748210122,5.25,-2650.5,-2.919217524392577,1.5,5434.0,6.031746031746032,6.0,-3141.0,-3.338435048785154,2.0,2.0,1.0,0.5490772479665559,1.0862232738719222,1.896057347670251,0.0388390310394275,1.9447109413534314,0.01615731381821295,2042.5480824645176,1.0031539479265532,19.047619047619047,-0.012098285846131315,-0.019540481461943777,-0.01588802220928818,-0.021023492208980955,0.6572821202035084,0.3150598613736607,0.9198118906659737,1.0871788135680303,0.6446771621704102,,
0.0001,0.0001,0.01,0.02,0.005,0.08,2026-01-05 00:00:00+08:00,2026-07-15 00:00:00+08:00,191 days,127.0,6.0,100000.0,103883.7994,4750.0,0.0,3.8837994,0.07553068861394019,0.13755931227101353,10051.0,-5301.0,866.2006,8028.477,7.529321772600972,66.66666666666666,33.33333333333333,4.0,2.0,791.6666666666666,0.8898706573425557,4.0,2512.75,2.794414748210122,5.25,-2650.5,-2.919217524392577,1.5,5434.0,6.031746031746032,6.0,-3141.0,-3.338435048785154,2.0,2.0,1.0,0.5490772479665559,1.0862232738719222,1.896057347670251,0.0388390310394275,1.9447109413534314,0.01615731381821295,2042.5480824645176,1.0031539479265532,19.047619047619047,-0.012098285846131315,-0.019540481461943777,-0.01588802220928818,-0.021023492208980955,0.6572821202035084,0.3150598613736607,0.9198118906659737,1.0871788135680303,0.6811492443084717,,
1e-05,1e-06,0.1,0.02,0.005,0.03,2026-01-05 00:00:00+08:00,2026-07-15 00:00:00+08:00,191 days,127.0,2.0,100000.0,103009.8982,90.0,3240.0,3.0098982,0.058306884397207215,0.11554036568836863,3231.0,-3141.0,320.1018,7314.3097,6.977691362073246,50.0,50.0,1.0,1.0,45.0,0.13971122699309263,3.0,3231.0,3.617857502771339,4.0,-3141.0,-3.338435048785154,2.0,3231.0,3.617857502771339,4.0,-3141.0,-3.338435048785154,2.0,1.0,1.0,0.5046451432780684,0.9082398037749764,1.0286532951289398,0.031740970954168196,1.836959697338761,0.01282920067490656,1503.7416464850521,0.835618564531676,10.317460317460316,-0.009389207024949773,-0.019743893526319365,-0.015846016116312162,-0.024785542004680628,0.019974767830128463,0.013927576601671265,0.9117606077759497,1.0967791232386008,0.7030949592590332,,
1e-05,1e-06,0.1,0.02,0.005,0.05,2026-01-05 00:00:00+08:00,2026-07-15 00:00:00+08:00,191 days,127.0,2.0,100000.0,103009.8982,90.0,3240.0,3.0098982,0.058306884397207215,0.11554036568836863,3231.0,-3141.0,320.1018,7314.3097,6.977691362073246,50.0,50.0,1.0,1.0,45.0,0.13971122699309263,3.0,3231.0,3.617857502771339,4.0,-3141.0,-3.338435048785154,2.0,3231.0,3.617857502771339,4.0,-3141.0,-3.338435048785154,2.0,1.0,1.0,0.5046451432780684,0.9082398037749764,1.0286532951289398,0.031740970954168196,1.836959697338761,0.01282920067490656,1503.7416464850521,0.835618564531676,10.317460317460316,-0.009389207024949773,-0.019743893526319365,-0.015846016116312162,-0.024785542004680628,0.019974767830128463,0.013927576601671265,0.9117606077759497,1.0967791232386008,0.8907346725463867,,
1e-05,1e-06,0.1,0.02,0.005,0.08,2026-01-05 00:00:00+08:00,2026-07-15 00:00:00+08:00,191 days,127.0,2.0,100000.0,103009.8982,90.0,3240.0,3.0098982,0.058306884397207215,0.11554036568836863,3231.0,-3141.0,320.1018,7314.3097,6.977691362073246,50.0,50.0,1.0,1.0,45.0,0.13971122699309263,3.0,3231.0,3.617857502771339,4.0,-3141.0,-3.338435048785154,2.0,3231.0,3.617857502771339,4.0,-3141.0,-3.338435048785154,2.0,1.0,1.0,0.5046451432780684,0.9082398037749764,1.0286532951289398,0.031740970954168196,1.836959697338761,0.01282920067490656,1503.7416464850521,0.835618564531676,10.317460317460316,-0.009389207024949773,-0.019743893526319365,-0.015846016116312162,-0.024785542004680628,0.019974767830128463,0.013927576601671265,0.9117606077759497,1.0967791232386008,0.874474287033081,,
1e-05,1e-06,0.1,0.03,0.005,0.03,2026-01-05 00:00:00+08:00,2026-07-15 00:00:00+08:00,191 days,127.0,2.0,100000.0,103009.8982,90.0,3240.0,3.0098982,0.058306884397207215,0.11554036568836863,3231.0,-3141.0,320.1018,7314.3097,6.977691362073246,50.0,50.0,1.0,1.0,45.0,0.13971122699309263,3.0,3231.0,3.617857502771339,4.0,-3141.0,-3.338435048785154,2.0,3231.0,3.617857502771339,4.0,-3141.0,-3.338435048785154,2.0,1.0,1.0,0.5046451432780684,0.9082398037749764,1.0286532951289398,0.031740970954168196,1.836959697338761,0.01282920067490656,1503.7416464850521,0.835618564531676,10.317460317460316,-0.009389207024949773,-0.019743893526319365,-0.015846016116312162,-0.024785542004680628,0.019974767830128463,0.013927576601671265,0.9117606077759497,1.0967791232386008,0.9264414310455322,,
1e-05,1e-06,0.1,0.03,0.005,0.05,2026-01-05 00:00:00+08:00,2026-07-15 00:00:00+08:00,191 days,127.0,2.0,100000.0,103009.8982,90.0,3240.0,3.0098982,0.058306884397207215,0.11554036568836863,3231.0,-3141.0,320.1018,7314.3097,6.977691362073246,50.0,50.0,1.0,1.0,45.0,0.13971122699309263,3.0,3231.0,3.617857502771339,4.0,-3141.0,-3.338435048785154,2.0,3231.0,3.617857502771339,4.0,-3141.0,-3.338435048785154,2.0,1.0,1.0,0.5046451432780684,0.9082398037749764,1.0286532951289398,0.031740970954168196,1.836959697338761,0.01282920067490656,1503.7416464850521,0.835618564531676,10.317460317460316,-0.009389207024949773,-0.019743893526319365,-0.015846016116312162,-0.024785542004680628,0.019974767830128463,0.013927576601671265,0.9117606077759497,1.0967791232386008,0.6366825103759766,,
1e-05,1e-06,0.1,0.03,0.005,0.08,2026-01-05 00:00:00+08:00,2026-07-15 00:00:00+08:00,191 days,127.0,2.0,100000.0,103009.8982,90.0,3240.0,3.0098982,0.058306884397207215,0.11554036568836863,3231.0,-3141.0,320.1018,7314.3097,6.977691362073246,50.0,50.0,1.0,1.0,45.0,0.13971122699309263,3.0,3231.0,3.617857502771339,4.0,-3141.0,-3.338435048785154,2.0,3231.0,3.617857502771339,4.0,-3141.0,-3.338435048785154,2.0,1.0,1.0,0.5046451432780684,0.9082398037749764,1.0286532951289398,0.031740970954168196,1.836959697338761,0.01282920067490656,1503.7416464850521,0.835618564531676,10.317460317460316,-0.009389207024949773,-0.019743893526319365,-0.015846016116312162,-0.024785542004680628,0.019974767830128463,0.013927576601671265,0.9117606077759497,1.0967791232386008,0.6836121082305908,,
0.0001,1e-06,0.1,0.02,0.005,0.03,2026-01-05 00:00:00+08:00,2026-07-15 00:00:00+08:00,191 days,127.0,2.0,100000.0,103009.8982,90.0,3240.0,3.0098982,0.058306884397207215,0.11554036568836863,3231.0,-3141.0,320.1018,7314.3097,6.977691362073246,50.0,50.0,1.0,1.0,45.0,0.13971122699309263,3.0,3231.0,3.617857502771339,4.0,-3141.0,-3.338435048785154,2.0,3231.0,3.617857502771339,4.0,-3141.0,-3.338435048785154,2.0,1.0,1.0,0.5046451432780684,0.9082398037749764,1.0286532951289398,0.031740970954168196,1.836959697338761,0.01282920067490656,1503.7416464850521,0.835618564531676,10.317460317460316,-0.009389207024949773,-0.019743893526319365,-0.015846016116312162,-0.024785542004680628,0.019974767830128463,0.013927576601671265,0.9117606077759497,1.0967791232386008,0.6199569702148438,,
0.0001,1e-06,0.1,0.02,0.005,0.05,2026-01-05 00:00:00+08:00,2026-07-15 00:00:00+08:00,191 days,127.0,2.0,100000.0,103009.8982,90.0,3240.0,3.0098982,0.058306884397207215,0.11554036568836863,3231.0,-3141.0,320.1018,7314.3097,6.977691362073246,50.0,50.0,1.0,1.0,45.0,0.13971122699309263,3.0,3231.0,3.617857502771339,4.0,-3141.0,-3.338435048785154,2.0,3231.0,3.617857502771339,4.0,-3141.0,-3.338435048785154,2.0,1.0,1.0,0.5046451432780684,0.9082398037749764,1.0286532951289398,0.031740970954168196,1.836959697338761,0.01282920067490656,1503.7416464850521,0.835618564531676,10.317460317460316,-0.009389207024949773,-0.019743893526319365,-0.015846016116312162,-0.024785542004680628,0.019974767830128463,0.013927576601671265,0.9117606077759497,1.0967791232386008,0.6064484119415283,,
0.0001,1e-06,0.1,0.02,0.005,0.08,2026-01-05 00:00:00+08:00,2026-07-15 00:00:00+08:00,191 days,127.0,2.0,100000.0,103009.8982,90.0,3240.0,3.0098982,0.058306884397207215,0.11554036568836863,3231.0,-3141.0,320.1018,7314.3097,6.977691362073246,50.0,50.0,1.0,1.0,45.0,0.13971122699309263,3.0,3231.0,3.617857502771339,4.0,-3141.0,-3.338435048785154,2.0,3231.0,3.617857502771339,4.0,-3141.0,-3.338435048785154,2.0,1.0,1.0,0.5046451432780684,0.9082398037749764,1.0286532951289398,0.031740970954168196,1.836959697338761,0.01282920067490656,1503.7416464850521,0.835618564531676,10.317460317460316,-0.009389207024949773,-0.019743893526319365,-0.015846016116312162,-0.024785542004680628,0.019974767830128463,0.013927576601671265,0.9117606077759497,1.0967791232386008,0.635857105255127,,
0.0001,1e-06,0.1,0.03,0.005,0.03,2026-01-05 00:00:00+08:00,2026-07-15 00:00:00+08:00,191 days,127.0,2.0,100000.0,103009.8982,90.0,3240.0,3.0098982,0.058306884397207215,0.11554036568836863,3231.0,-3141.0,320.1018,7314.3097,6.977691362073246,50.0,50.0,1.0,1.0,45.0,0.13971122699309263,3.0,3231.0,3.617857502771339,4.0,-3141.0,-3.338435048785154,2.0,3231.0,3.617857502771339,4.0,-3141.0,-3.338435048785154,2.0,1.0,1.0,0.5046451432780684,0.9082398037749764,1.0286532951289398,0.031740970954168196,1.836959697338761,0.01282920067490656,1503.7416464850521,0.835618564531676,10.317460317460316,-0.009389207024949773,-0.019743893526319365,-0.015846016116312162,-0.024785542004680628,0.019974767830128463,0.013927576601671265,0.9117606077759497,1.0967791232386008,0.6126492023468018,,
0.0001,1e-06,0.1,0.03,0.005,0.05,2026-01-05 00:00:00+08:00,2026-07-15 00:00:00+08:00,191 days,127.0,2.0,100000.0,103009.8982,90.0,3240.0,3.0098982,0.058306884397207215,0.11554036568836863,3231.0,-3141.0,320.1018,7314.3097,6.977691362073246,50.0,50.0,1.0,1.0,45.0,0.13971122699309263,3.0,3231.0,3.617857502771339,4.0,-3141.0,-3.338435048785154,2.0,3231.0,3.617857502771339,4.0,-3141.0,-3.338435048785154,2.0,1.0,1.0,0.5046451432780684,0.9082398037749764,1.0286532951289398,0.031740970954168196,1.836959697338761,0.01282920067490656,1503.7416464850521,0.835618564531676,10.317460317460316,-0.009389207024949773,-0.019743893526319365,-0.015846016116312162,-0.024785542004680628,0.019974767830128463,0.013927576601671265,0.9117606077759497,1.0967791232386008,0.5377585887908936,,
0.0001,1e-06,0.1,0.03,0.005,0.08,2026-01-05 00:00:00+08:00,2026-07-15 00:00:00+08:00,191 days,127.0,2.0,100000.0,103009.8982,90.0,3240.0,3.0098982,0.058306884397207215,0.11554036568836863,3231.0,-3141.0,320.1018,7314.3097,6.977691362073246,50.0,50.0,1.0,1.0,45.0,0.13971122699309263,3.0,3231.0,3.617857502771339,4.0,-3141.0,-3.338435048785154,2.0,3231.0,3.617857502771339,4.0,-3141.0,-3.338435048785154,2.0,1.0,1.0,0.5046451432780684,0.9082398037749764,1.0286532951289398,0.031740970954168196,1.836959697338761,0.01282920067490656,1503.7416464850521,0.835618564531676,10.317460317460316,-0.009389207024949773,-0.019743893526319365,-0.015846016116312162,-0.024785542004680628,0.019974767830128463,0.013927576601671265,0.9117606077759497,1.0967791232386008,0.5295126438140869,,
0.001,1e-06,0.1,0.02,0.005,0.03,2026-01-05 00:00:00+08:00,2026-07-15 00:00:00+08:00,191 days,127.0,2.0,100000.0,103009.8982,90.0,3240.0,3.0098982,0.058306884397207215,0.11554036568836863,3231.0,-3141.0,320.1018,7314.3097,6.977691362073246,50.0,50.0,1.0,1.0,45.0,0.13971122699309263,3.0,3231.0,3.617857502771339,4.0,-3141.0,-3.338435048785154,2.0,3231.0,3.617857502771339,4.0,-3141.0,-3.338435048785154,2.0,1.0,1.0,0.5046451432780684,0.9082398037749764,1.0286532951289398,0.031740970954168196,1.836959697338761,0.01282920067490656,1503.7416464850521,0.835618564531676,10.317460317460316,-0.009389207024949773,-0.019743893526319365,-0.015846016116312162,-0.024785542004680628,0.019974767830128463,0.013927576601671265,0.9117606077759497,1.0967791232386008,0.6282665729522705,,
0.001,1e-06,0.1,0.02,0.005,0.05,2026-01-05 00:00:00+08:00,2026-07-15 00:00:00+08:00,191 days,127.0,2.0,100000.0,103009.8982,90.0,3240.0,3.0098982,0.058306884397207215,0.11554036568836863,3231.0,-3141.0,320.1018,7314.3097,6.977691362073246,50.0,50.0,1.0,1.0,45.0,0.13971122699309263,3.0,3231.0,3.617857502771339,4.0,-3141.0,-3.338435048785154,2.0,3231.0,3.617857502771339,4.0,-3141.0,-3.338435048785154,2.0,1.0,1.0,0.5046451432780684,0.9082398037749764,1.0286532951289398,0.031740970954168196,1.836959697338761,0.01282920067490656,1503.7416464850521,0.835618564531676,10.317460317460316,-0.009389207024949773,-0.019743893526319365,-0.015846016116312162,-0.024785542004680628,0.019974767830128463,0.013927576601671265,0.9117606077759497,1.0967791232386008,0.6013708114624023,,
0.001,1e-06,0.1,0.02,0.005,0.08,2026-01-05 00:00:00+08:00,2026-07-15 00:00:00+08:00,191 days,127.0,2.0,100000.0,103009.8982,90.0,3240.0,3.0098982,0.058306884397207215,0.11554036568836863,3231.0,-3141.0,320.1018,7314.3097,6.977691362073246,50.0,50.0,1.0,1.0,45.0,0.13971122699309263,3.0,3231.0,3.617857502771339,4.0,-3141.0,-3.338435048785154,2.0,3231.0,3.617857502771339,4.0,-3141.0,-3.338435048785154,2.0,1.0,1.0,0.5046451432780684,0.9082398037749764,1.0286532951289398,0.031740970954168196,1.836959697338761,0.01282920067490656,1503.7416464850521,0.835618564531676,10.317460317460316,-0.009389207024949773,-0.019743893526319365,-0.015846016116312162,-0.024785542004680628,0.019974767830128463,0.013927576601671265,0.9117606077759497,1.0967791232386008,0.597630500793457,,
1e-05,1e-06,0.01,0.02,0.005,0.03,2026-01-05 00:00:00+08:00,2026-07-15 00:00:00+08:00,191 days,127.0,4.0,100000.0,103586.8881,-3843.0,8030.0,3.5868881,0.06966396811775777,0.1443010302544964,3231.0,-7074.0,600.1119,9760.0914,9.265138571356637,25.0,75.0,1.0,3.0,-960.75,-1.034715583914457,3.5,3231.0,3.617857502771339,4.0,-2358.0,-2.585573279476389,3.3333333333333335,3231.0,3.617857502771339,4.0,-3141.0,-3.338435048785154,2.0,1.0,3.0,0.4827683350208586,0.9242221735408211,0.45674300254452926,0.050162551091512644,1.3887644587825738,0.2101749364903862,2238.9555269103644,0.7518934291293315,17.46031746031746,-0.012822441891483417,-0.020109298798269504,-0.01709723381803432,-0.024883738534384484,-0.7765886229313602,-0.2973537604456825,0.9286347938321946,1.0768495932327744,0.6604180335998535,,
1e-05,1e-06,0.01,0.02,0.005,0.05,2026-01-05 00:00:00+08:00,2026-07-15 00:00:00+08:00,191 days,127.0,4.0,100000.0,103586.8881,-3843.0,8030.0,3.5868881,0.06966396811775777,0.1443010302544964,3231.0,-7074.0,600.1119,9760.0914,9.265138571356637,25.0,75.0,1.0,3.0,-960.75,-1.034715583914457,3.5,3231.0,3.617857502771339,4.0,-2358.0,-2.585573279476389,3.3333333333333335,3231.0,3.617857502771339,4.0,-3141.0,-3.338435048785154,2.0,1.0,3.0,0.4827683350208586,0.9242221735408211,0.45674300254452926,0.050162551091512644,1.3887644587825738,0.2101749364903862,2238.9555269103644,0.7518934291293315,17.46031746031746,-0.012822441891483417,-0.020109298798269504,-0.01709723381803432,-0.024883738534384484,-0.7765886229313602,-0.2973537604456825,0.9286347938321946,1.0768495932327744,0.6304492950439453,,
1e-05,1e-06,0.01,0.02,0.005,0.08,2026-01-05 00:00:00+08:00,2026-07-15 00:00:00+08:00,191 days,127.0,4.0,100000.0,103586.8881,-3843.0,8030.0,3.5868881,0.06966396811775777,0.1443010302544964,3231.0,-7074.0,600.1119,9760.0914,9.265138571356637,25.0,75.0,1.0,3.0,-960.75,-1.034715583914457,3.5,3231.0,3.617857502771339,4.0,-2358.0,-2.585573279476389,3.3333333333333335,3231.0,3.617857502771339,4.0,-3141.0,-3.338435048785154,2.0,1.0,3.0,0.4827683350208586,0.9242221735408211,0.45674300254452926,0.050162551091512644,1.3887644587825738,0.2101749364903862,2238.9555269103644,0.7518934291293315,17.46031746031746,-0.012822441891483417,-0.020109298798269504,-0.01709723381803432,-0.024883738534384484,-0.7765886229313602,-0.2973537604456825,0.9286347938321946,1.0768495932327744,0.7164506912231445,,
1e-05,1e-06,0.001,0.02,0.005,0.03,2026-01-05 00:00:00+08:00,2026-07-15 00:00:00+08:00,191 days,127.0,4.0,100000.0,103766.9421,-3663.0,8030.0,3.7669421,0.0732198599945102,0.15628813278814088,3231.0,-6894.0,600.0579,9580.0374,9.094215452713808,25.0,75.0,1.0,3.0,-915.75,-0.9838718121677624,5.0,3231.0,3.617857502771339,4.0,-2298.0,-2.5177815838141298,5.333333333333333,3231.0,3.617857502771339,4.0,-3141.0,-3.338435048785154,2.0,1.0,3.0,0.4684927683777799,0.8501122380937638,0.46866840731070497,0.04963835452555872,1.4750662203520344,0.19670955313470861,2228.808123698715,0.80512563590805,22.22222222222222,-0.014147284414654127,-0.023171921732697595,-0.01925293091114535,-0.02638887495154614,-0.7468521688559888,-0.2834261838440112,0.9286347938321946,1.0768495932327744,0.6115970611572266,,
1e-05,1e-06,0.001,0.02,0.005,0.05,2026-01-05 00:00:00+08:00,2026-07-15 00:00:00+08:00,191 days,127.0,4.0,100000.0,103766.9421,-3663.0,8030.0,3.7669421,0.0732198599945102,0.15628813278814088,3231.0,-6894.0,600.0579,9580.0374,9.094215452713808,25.0,75.0,1.0,3.0,-915.75,-0.9838718121677624,5.0,3231.0,3.617857502771339,4.0,-2298.0,-2.5177815838141298,5.333333333333333,3231.0,3.617857502771339,4.0,-3141.0,-3.338435048785154,2.0,1.0,3.0,0.4684927683777799,0.8501122380937638,0.46866840731070497,0.04963835452555872,1.4750662203520344,0.19670955313470861,2228.808123698715,0.80512563590805,22.22222222222222,-0.014147284414654127,-0.023171921732697595,-0.01925293091114535,-0.02638887495154614,-0.7468521688559888,-0.2834261838440112,0.9286347938321946,1.0768495932327744,0.6077194213867188,,
1e-05,1e-06,0.001,0.02,0.005,0.08,2026-01-05 00:00:00+08:00,2026-07-15 00:00:00+08:00,191 days,127.0,4.0,100000.0,103766.9421,-3663.0,8030.0,3.7669421,0.0732198599945102,0.15628813278814088,3231.0,-6894.0,600.0579,9580.0374,9.094215452713808,25.0,75.0,1.0,3.0,-915.75,-0.9838718121677624,5.0,3231.0,3.617857502771339,4.0,-2298.0,-2.5177815838141298,5.333333333333333,3231.0,3.617857502771339,4.0,-3141.0,-3.338435048785154,2.0,1.0,3.0,0.4684927683777799,0.8501122380937638,0.46866840731070497,0.04963835452555872,1.4750662203520344,0.19670955313470861,2228.808123698715,0.80512563590805,22.22222222222222,-0.014147284414654127,-0.023171921732697595,-0.01925293091114535,-0.02638887495154614,-0.7468521688559888,-0.2834261838440112,0.9286347938321946,1.0768495932327744,0.9028298854827881,,
1e-05,1e-05,0.01,0.02,0.005,0.03,2026-01-05 00:00:00+08:00,2026-07-15 00:00:00+08:00,191 days,127.0,4.0,100000.0,103766.9421,-3663.0,8030.0,3.7669421,0.0732198599945102,0.15628813278814088,3231.0,-6894.0,600.0579,9580.0374,9.094215452713808,25.0,75.0,1.0,3.0,-915.75,-0.9838718121677624,5.0,3231.0,3.617857502771339,4.0,-2298.0,-2.5177815838141298,5.333333333333333,3231.0,3.617857502771339,4.0,-3141.0,-3.338435048785154,2.0,1.0,3.0,0.4684927683777799,0.8501122380937638,0.46866840731070497,0.04963835452555872,1.4750662203520344,0.19670955313470861,2228.808123698715,0.80512563590805,22.22222222222222,-0.014147284414654127,-0.023171921732697595,-0.01925293091114535,-0.02638887495154614,-0.7468521688559888,-0.2834261838440112,0.9286347938321946,1.0768495932327744,0.6926507949829102,,
1e-05,1e-05,0.01,0.02,0.005,0.05,2026-01-05 00:00:00+08:00,2026-07-15 00:00:00+08:00,191 days,127.0,4.0,100000.0,103766.9421,-3663.0,8030.0,3.7669421,0.0732198599945102,0.15628813278814088,3231.0,-6894.0,600.0579,9580.0374,9.094215452713808,25.0,75.0,1.0,3.0,-915.75,-0.9838718121677624,5.0,3231.0,3.617857502771339,4.0,-2298.0,-2.5177815838141298,5.333333333333333,3231.0,3.617857502771339,4.0,-3141.0,-3.338435048785154,2.0,1.0,3.0,0.4684927683777799,0.8501122380937638,0.46866840731070497,0.04963835452555872,1.4750662203520344,0.19670955313470861,2228.808123698715,0.80512563590805,22.22222222222222,-0.014147284414654127,-0.023171921732697595,-0.01925293091114535,-0.02638887495154614,-0.7468521688559888,-0.2834261838440112,0.9286347938321946,1.0768495932327744,0.6637334823608398,,
1e-05,1e-05,0.01,0.02,0.005,0.08,2026-01-05 00:00:00+08:00,2026-07-15 00:00:00+08:00,191 days,127.0,4.0,100000.0,103766.9421,-3663.0,8030.0,3.7669421,0.0732198599945102,0.15628813278814088,3231.0,-6894.0,600.0579,9580.0374,9.094215452713808,25.0,75.0,1.0,3.0,-915.75,-0.9838718121677624,5.0,3231.0,3.617857502771339,4.0,-2298.0,-2.5177815838141298,5.333333333333333,3231.0,3.617857502771339,4.0,-3141.0,-3.338435048785154,2.0,1.0,3.0,0.4684927683777799,0.8501122380937638,0.46866840731070497,0.04963835452555872,1.4750662203520344,0.19670955313470861,2228.808123698715,0.80512563590805,22.22222222222222,-0.014147284414654127,-0.023171921732697595,-0.01925293091114535,-0.02638887495154614,-0.7468521688559888,-0.2834261838440112,0.9286347938321946,1.0768495932327744,0.7604670524597168,,
1e-05,0.0001,0.1,0.02,0.005,0.03,2026-01-05 00:00:00+08:00,2026-07-15 00:00:00+08:00,191 days,127.0,4.0,100000.0,103766.9421,-3663.0,8030.0,3.7669421,0.0732198599945102,0.15628813278814088,3231.0,-6894.0,600.0579,9580.0374,9.094215452713808,25.0,75.0,1.0,3.0,-915.75,-0.9838718121677624,5.0,3231.0,3.617857502771339,4.0,-2298.0,-2.5177815838141298,5.333333333333333,3231.0,3.617857502771339,4.0,-3141.0,-3.338435048785154,2.0,1.0,3.0,0.4684927683777799,0.8501122380937638,0.46866840731070497,0.04963835452555872,1.4750662203520344,0.19670955313470861,2228.808123698715,0.80512563590805,22.22222222222222,-0.014147284414654127,-0.023171921732697595,-0.01925293091114535,-0.02638887495154614,-0.7468521688559888,-0.2834261838440112,0.9286347938321946,1.0768495932327744,0.736475944519043,,
1e-05,0.0001,0.1,0.02,0.005,0.05,2026-01-05 00:00:00+08:00,2026-07-15 00:00:00+08:00,191 days,127.0,4.0,100000.0,103766.9421,-3663.0,8030.0,3.7669421,0.0732198599945102,0.15628813278814088,3231.0,-6894.0,600.0579,9580.0374,9.094215452713808,25.0,75.0,1.0,3.0,-915.75,-0.9838718121677624,5.0,3231.0,3.617857502771339,4.0,-2298.0,-2.5177815838141298,5.333333333333333,3231.0,3.617857502771339,4.0,-3141.0,-3.338435048785154,2.0,1.0,3.0,0.4684927683777799,0.8501122380937638,0.46866840731070497,0.04963835452555872,1.4750662203520344,0.19670955313470861,2228.808123698715,0.80512563590805,22.22222222222222,-0.014147284414654127,-0.023171921732697595,-0.01925293091114535,-0.02638887495154614,-0.7468521688559888,-0.2834261838440112,0.9286347938321946,1.0768495932327744,0.8278334140777588,,
1e-05,0.0001,0.1,0.02,0.005,0.08,2026-01-05 00:00:00+08:00,2026-07-15 00:00:00+08:00,191 days,127.0,4.0,100000.0,103766.9421,-3663.0,8030.0,3.7669421,0.0732198599945102,0.15628813278814088,3231.0,-6894.0,600.0579,9580.0374,9.094215452713808,25.0,75.0,1.0,3.0,-915.75,-0.9838718121677624,5.0,3231.0,3.617857502771339,4.0,-2298.0,-2.5177815838141298,5.333333333333333,3231.0,3.617857502771339,4.0,-3141.0,-3.338435048785154,2.0,1.0,3.0,0.4684927683777799,0.8501122380937638,0.46866840731070497,0.04963835452555872,1.4750662203520344,0.19670955313470861,2228.808123698715,0.80512563590805,22.22222222222222,-0.014147284414654127,-0.023171921732697595,-0.01925293091114535,-0.02638887495154614,-0.7468521688559888,-0.2834261838440112,0.9286347938321946,1.0768495932327744,0.8474977016448975,,
0.0001,1e-05,0.01,0.02,0.005,0.03,2026-01-05 00:00:00+08:00,2026-07-15 00:00:00+08:00,191 days,127.0,4.0,100000.0,103766.9421,-3663.0,8030.0,3.7669421,0.0732198599945102,0.15628813278814088,3231.0,-6894.0,600.0579,9580.0374,9.094215452713808,25.0,75.0,1.0,3.0,-915.75,-0.9838718121677624,5.0,3231.0,3.617857502771339,4.0,-2298.0,-2.5177815838141298,5.333333333333333,3231.0,3.617857502771339,4.0,-3141.0,-3.338435048785154,2.0,1.0,3.0,0.4684927683777799,0.8501122380937638,0.46866840731070497,0.04963835452555872,1.4750662203520344,0.19670955313470861,2228.808123698715,0.80512563590805,22.22222222222222,-0.014147284414654127,-0.023171921732697595,-0.01925293091114535,-0.02638887495154614,-0.7468521688559888,-0.2834261838440112,0.9286347938321946,1.0768495932327744,0.6064779758453369,,
0.0001,1e-05,0.01,0.02,0.005,0.05,2026-01-05 00:00:00+08:00,2026-07-15 00:00:00+08:00,191 days,127.0,4.0,100000.0,103766.9421,-3663.0,8030.0,3.7669421,0.0732198599945102,0.15628813278814088,3231.0,-6894.0,600.0579,9580.0374,9.094215452713808,25.0,75.0,1.0,3.0,-915.75,-0.9838718121677624,5.0,3231.0,3.617857502771339,4.0,-2298.0,-2.5177815838141298,5.333333333333333,3231.0,3.617857502771339,4.0,-3141.0,-3.338435048785154,2.0,1.0,3.0,0.4684927683777799,0.8501122380937638,0.46866840731070497,0.04963835452555872,1.4750662203520344,0.19670955313470861,2228.808123698715,0.80512563590805,22.22222222222222,-0.014147284414654127,-0.023171921732697595,-0.01925293091114535,-0.02638887495154614,-0.7468521688559888,-0.2834261838440112,0.9286347938321946,1.0768495932327744,0.6026260852813721,,
0.0001,1e-05,0.01,0.02,0.005,0.08,2026-01-05 00:00:00+08:00,2026-07-15 00:00:00+08:00,191 days,127.0,4.0,100000.0,103766.9421,-3663.0,8030.0,3.7669421,0.0732198599945102,0.15628813278814088,3231.0,-6894.0,600.0579,9580.0374,9.094215452713808,25.0,75.0,1.0,3.0,-915.75,-0.9838718121677624,5.0,3231.0,3.617857502771339,4.0,-2298.0,-2.5177815838141298,5.333333333333333,3231.0,3.617857502771339,4.0,-3141.0,-3.338435048785154,2.0,1.0,3.0,0.4684927683777799,0.8501122380937638,0.46866840731070497,0.04963835452555872,1.4750662203520344,0.19670955313470861,2228.808123698715,0.80512563590805,22.22222222222222,-0.014147284414654127,-0.023171921732697595,-0.01925293091114535,-0.02638887495154614,-0.7468521688559888,-0.2834261838440112,0.9286347938321946,1.0768495932327744,0.632965087890625,,
0.0001,0.0001,0.1,0.02,0.005,0.03,2026-01-05 00:00:00+08:00,2026-07-15 00:00:00+08:00,191 days,127.0,4.0,100000.0,103766.9421,-3663.0,8030.0,3.7669421,0.0732198599945102,0.15628813278814088,3231.0,-6894.0,600.0579,9580.0374,9.094215452713808,25.0,75.0,1.0,3.0,-915.75,-0.9838718121677624,5.0,3231.0,3.617857502771339,4.0,-2298.0,-2.5177815838141298,5.333333333333333,3231.0,3.617857502771339,4.0,-3141.0,-3.338435048785154,2.0,1.0,3.0,0.4684927683777799,0.8501122380937638,0.46866840731070497,0.04963835452555872,1.4750662203520344,0.19670955313470861,2228.808123698715,0.80512563590805,22.22222222222222,-0.014147284414654127,-0.023171921732697595,-0.01925293091114535,-0.02638887495154614,-0.7468521688559888,-0.2834261838440112,0.9286347938321946,1.0768495932327744,0.8668479919433594,,
0.0001,0.0001,0.1,0.02,0.005,0.05,2026-01-05 00:00:00+08:00,2026-07-15 00:00:00+08:00,191 days,127.0,4.0,100000.0,103766.9421,-3663.0,8030.0,3.7669421,0.0732198599945102,0.15628813278814088,3231.0,-6894.0,600.0579,9580.0374,9.094215452713808,25.0,75.0,1.0,3.0,-915.75,-0.9838718121677624,5.0,3231.0,3.617857502771339,4.0,-2298.0,-2.5177815838141298,5.333333333333333,3231.0,3.617857502771339,4.0,-3141.0,-3.338435048785154,2.0,1.0,3.0,0.4684927683777799,0.8501122380937638,0.46866840731070497,0.04963835452555872,1.4750662203520344,0.19670955313470861,2228.808123698715,0.80512563590805,22.22222222222222,-0.014147284414654127,-0.023171921732697595,-0.01925293091114535,-0.02638887495154614,-0.7468521688559888,-0.2834261838440112,0.9286347938321946,1.0768495932327744,0.741908073425293,,
0.0001,0.0001,0.1,0.02,0.005,0.08,2026-01-05 00:00:00+08:00,2026-07-15 00:00:00+08:00,191 days,127.0,4.0,100000.0,103766.9421,-3663.0,8030.0,3.7669421,0.0732198599945102,0.15628813278814088,3231.0,-6894.0,600.0579,9580.0374,9.094215452713808,25.0,75.0,1.0,3.0,-915.75,-0.9838718121677624,5.0,3231.0,3.617857502771339,4.0,-2298.0,-2.5177815838141298,5.333333333333333,3231.0,3.617857502771339,4.0,-3141.0,-3.338435048785154,2.0,1.0,3.0,0.4684927683777799,0.8501122380937638,0.46866840731070497,0.04963835452555872,1.4750662203520344,0.19670955313470861,2228.808123698715,0.80512563590805,22.22222222222222,-0.014147284414654127,-0.023171921732697595,-0.01925293091114535,-0.02638887495154614,-0.7468521688559888,-0.2834261838440112,0.9286347938321946,1.0768495932327744,0.9453091621398926,,
0.001,0.0001,0.1,0.02,0.005,0.03,2026-01-05 00:00:00+08:00,2026-07-15 00:00:00+08:00,191 days,127.0,4.0,100000.0,103766.9421,-3663.0,8030.0,3.7669421,0.0732198599945102,0.15628813278814088,3231.0,-6894.0,600.0579,9580.0374,9.094215452713808,25.0,75.0,1.0,3.0,-915.75,-0.9838718121677624,5.0,3231.0,3.617857502771339,4.0,-2298.0,-2.5177815838141298,5.333333333333333,3231.0,3.617857502771339,4.0,-3141.0,-3.338435048785154,2.0,1.0,3.0,0.4684927683777799,0.8501122380937638,0.46866840731070497,0.04963835452555872,1.4750662203520344,0.19670955313470861,2228.808123698715,0.80512563590805,22.22222222222222,-0.014147284414654127,-0.023171921732697595,-0.01925293091114535,-0.02638887495154614,-0.7468521688559888,-0.2834261838440112,0.9286347938321946,1.0768495932327744,0.6428911685943604,,
0.001,0.0001,0.1,0.02,0.005,0.05,2026-01-05 00:00:00+08:00,2026-07-15 00:00:00+08:00,191 days,127.0,4.0,100000.0,103766.9421,-3663.0,8030.0,3.7669421,0.0732198599945102,0.15628813278814088,3231.0,-6894.0,600.0579,9580.0374,9.094215452713808,25.0,75.0,1.0,3.0,-915.75,-0.9838718121677624,5.0,3231.0,3.617857502771339,4.0,-2298.0,-2.5177815838141298,5.333333333333333,3231.0,3.617857502771339,4.0,-3141.0,-3.338435048785154,2.0,1.0,3.0,0.4684927683777799,0.8501122380937638,0.46866840731070497,0.04963835452555872,1.4750662203520344,0.19670955313470861,2228.808123698715,0.80512563590805,22.22222222222222,-0.014147284414654127,-0.023171921732697595,-0.01925293091114535,-0.02638887495154614,-0.7468521688559888,-0.2834261838440112,0.9286347938321946,1.0768495932327744,0.7060604095458984,,
0.001,0.0001,0.1,0.02,0.005,0.08,2026-01-05 00:00:00+08:00,2026-07-15 00:00:00+08:00,191 days,127.0,4.0,100000.0,103766.9421,-3663.0,8030.0,3.7669421,0.0732198599945102,0.15628813278814088,3231.0,-6894.0,600.0579,9580.0374,9.094215452713808,25.0,75.0,1.0,3.0,-915.75,-0.9838718121677624,5.0,3231.0,3.617857502771339,4.0,-2298.0,-2.5177815838141298,5.333333333333333,3231.0,3.617857502771339,4.0,-3141.0,-3.338435048785154,2.0,1.0,3.0,0.4684927683777799,0.8501122380937638,0.46866840731070497,0.04963835452555872,1.4750662203520344,0.19670955313470861,2228.808123698715,0.80512563590805,22.22222222222222,-0.014147284414654127,-0.023171921732697595,-0.01925293091114535,-0.02638887495154614,-0.7468521688559888,-0.2834261838440112,0.9286347938321946,1.0768495932327744,0.7256650924682617,,
1e-05,0.0001,0.001,0.03,0.005,0.03,2026-01-05 00:00:00+08:00,2026-07-15 00:00:00+08:00,191 days,127.0,7.0,100000.0,103245.8229,4295.0,0.0,3.2458229,0.0629436845103688,0.13753464117874914,7685.0,-3390.0,1049.1771,5953.009,5.571815624367781,71.42857142857143,28.57142857142857,5.0,2.0,613.5714285714286,0.7045518125266547,2.7142857142857144,1537.0,1.6919800141728305,3.4,-1695.0,-1.764018691588785,1.0,3231.0,3.617857502771339,4.0,-2400.0,-2.5,1.0,3.0,1.0,0.4576569507936769,0.8991645087642515,2.2669616519174043,0.028874939153570787,2.179872455335891,0.29523415197030467,1402.259958093275,1.1296799598875968,15.079365079365079,-0.012774492127710103,-0.020385345343628788,-0.016379729503734137,-0.022386180878697506,0.8900602346663307,0.3992006692071754,0.9334349894703655,1.0713118870414358,0.8385648727416992,,
1e-05,0.0001,0.001,0.03,0.005,0.05,2026-01-05 00:00:00+08:00,2026-07-15 00:00:00+08:00,191 days,127.0,7.0,100000.0,103245.8229,4295.0,0.0,3.2458229,0.0629436845103688,0.13753464117874914,7685.0,-3390.0,1049.1771,5953.009,5.571815624367781,71.42857142857143,28.57142857142857,5.0,2.0,613.5714285714286,0.7045518125266547,2.7142857142857144,1537.0,1.6919800141728305,3.4,-1695.0,-1.764018691588785,1.0,3231.0,3.617857502771339,4.0,-2400.0,-2.5,1.0,3.0,1.0,0.4576569507936769,0.8991645087642515,2.2669616519174043,0.028874939153570787,2.179872455335891,0.29523415197030467,1402.259958093275,1.1296799598875968,15.079365079365079,-0.012774492127710103,-0.020385345343628788,-0.016379729503734137,-0.022386180878697506,0.8900602346663307,0.3992006692071754,0.9334349894703655,1.0713118870414358,0.7010049819946289,,
1e-05,0.0001,0.001,0.03,0.005,0.08,2026-01-05 00:00:00+08:00,2026-07-15 00:00:00+08:00,191 days,127.0,7.0,100000.0,103245.8229,4295.0,0.0,3.2458229,0.0629436845103688,0.13753464117874914,7685.0,-3390.0,1049.1771,5953.009,5.571815624367781,71.42857142857143,28.57142857142857,5.0,2.0,613.5714285714286,0.7045518125266547,2.7142857142857144,1537.0,1.6919800141728305,3.4,-1695.0,-1.764018691588785,1.0,3231.0,3.617857502771339,4.0,-2400.0,-2.5,1.0,3.0,1.0,0.4576569507936769,0.8991645087642515,2.2669616519174043,0.028874939153570787,2.179872455335891,0.29523415197030467,1402.259958093275,1.1296799598875968,15.079365079365079,-0.012774492127710103,-0.020385345343628788,-0.016379729503734137,-0.022386180878697506,0.8900602346663307,0.3992006692071754,0.9334349894703655,1.0713118870414358,0.7702012062072754,,
0.0001,0.0001,0.001,0.02,0.005,0.03,2026-01-05 00:00:00+08:00,2026-07-15 00:00:00+08:00,191 days,127.0,7.0,100000.0,103245.8229,4295.0,0.0,3.2458229,0.0629436845103688,0.13753464117874914,7685.0,-3390.0,1049.1771,5953.009,5.571815624367781,71.42857142857143,28.57142857142857,5.0,2.0,613.5714285714286,0.7045518125266547,2.7142857142857144,1537.0,1.6919800141728305,3.4,-1695.0,-1.764018691588785,1.0,3231.0,3.617857502771339,4.0,-2400.0,-2.5,1.0,3.0,1.0,0.4576569507936769,0.8991645087642515,2.2669616519174043,0.028874939153570787,2.179872455335891,0.29523415197030467,1402.259958093275,1.1296799598875968,15.079365079365079,-0.012774492127710103,-0.020385345343628788,-0.016379729503734137,-0.022386180878697506,0.8900602346663307,0.3992006692071754,0.9334349894703655,1.0713118870414358,0.6929981708526611,,
0.0001,0.0001,0.001,0.02,0.005,0.05,2026-01-05 00:00:00+08:00,2026-07-15 00:00:00+08:00,191 days,127.0,7.0,100000.0,103245.8229,4295.0,0.0,3.2458229,0.0629436845103688,0.13753464117874914,7685.0,-3390.0,1049.1771,5953.009,5.571815624367781,71.42857142857143,28.57142857142857,5.0,2.0,613.5714285714286,0.7045518125266547,2.7142857142857144,1537.0,1.6919800141728305,3.4,-1695.0,-1.764018691588785,1.0,3231.0,3.617857502771339,4.0,-2400.0,-2.5,1.0,3.0,1.0,0.4576569507936769,0.8991645087642515,2.2669616519174043,0.028874939153570787,2.179872455335891,0.29523415197030467,1402.259958093275,1.1296799598875968,15.079365079365079,-0.012774492127710103,-0.020385345343628788,-0.016379729503734137,-0.022386180878697506,0.8900602346663307,0.3992006692071754,0.9334349894703655,1.0713118870414358,0.6857757568359375,,
0.0001,0.0001,0.001,0.02,0.005,0.08,2026-01-05 00:00:00+08:00,2026-07-15 00:00:00+08:00,191 days,127.0,7.0,100000.0,103245.8229,4295.0,0.0,3.2458229,0.0629436845103688,0.13753464117874914,7685.0,-3390.0,1049.1771,5953.009,5.571815624367781,71.42857142857143,28.57142857142857,5.0,2.0,613.5714285714286,0.7045518125266547,2.7142857142857144,1537.0,1.6919800141728305,3.4,-1695.0,-1.764018691588785,1.0,3231.0,3.617857502771339,4.0,-2400.0,-2.5,1.0,3.0,1.0,0.4576569507936769,0.8991645087642515,2.2669616519174043,0.028874939153570787,2.179872455335891,0.29523415197030467,1402.259958093275,1.1296799598875968,15.079365079365079,-0.012774492127710103,-0.020385345343628788,-0.016379729503734137,-0.022386180878697506,0.8900602346663307,0.3992006692071754,0.9334349894703655,1.0713118870414358,0.6743578910827637,,
0.0001,0.0001,0.001,0.03,0.005,0.03,2026-01-05 00:00:00+08:00,2026-07-15 00:00:00+08:00,191 days,127.0,7.0,100000.0,103245.8229,4295.0,0.0,3.2458229,0.0629436845103688,0.13753464117874914,7685.0,-3390.0,1049.1771,5953.009,5.571815624367781,71.42857142857143,28.57142857142857,5.0,2.0,613.5714285714286,0.7045518125266547,2.7142857142857144,1537.0,1.6919800141728305,3.4,-1695.0,-1.764018691588785,1.0,3231.0,3.617857502771339,4.0,-2400.0,-2.5,1.0,3.0,1.0,0.4576569507936769,0.8991645087642515,2.2669616519174043,0.028874939153570787,2.179872455335891,0.29523415197030467,1402.259958093275,1.1296799598875968,15.079365079365079,-0.012774492127710103,-0.020385345343628788,-0.016379729503734137,-0.022386180878697506,0.8900602346663307,0.3992006692071754,0.9334349894703655,1.0713118870414358,0.6480350494384766,,
0.0001,0.0001,0.001,0.03,0.005,0.05,2026-01-05 00:00:00+08:00,2026-07-15 00:00:00+08:00,191 days,127.0,7.0,100000.0,103245.8229,4295.0,0.0,3.2458229,0.0629436845103688,0.13753464117874914,7685.0,-3390.0,1049.1771,5953.009,5.571815624367781,71.42857142857143,28.57142857142857,5.0,2.0,613.5714285714286,0.7045518125266547,2.7142857142857144,1537.0,1.6919800141728305,3.4,-1695.0,-1.764018691588785,1.0,3231.0,3.617857502771339,4.0,-2400.0,-2.5,1.0,3.0,1.0,0.4576569507936769,0.8991645087642515,2.2669616519174043,0.028874939153570787,2.179872455335891,0.29523415197030467,1402.259958093275,1.1296799598875968,15.079365079365079,-0.012774492127710103,-0.020385345343628788,-0.016379729503734137,-0.022386180878697506,0.8900602346663307,0.3992006692071754,0.9334349894703655,1.0713118870414358,0.6127710342407227,,
0.0001,0.0001,0.001,0.03,0.005,0.08,2026-01-05 00:00:00+08:00,2026-07-15 00:00:00+08:00,191 days,127.0,7.0,100000.0,103245.8229,4295.0,0.0,3.2458229,0.0629436845103688,0.13753464117874914,7685.0,-3390.0,1049.1771,5953.009,5.571815624367781,71.42857142857143,28.57142857142857,5.0,2.0,613.5714285714286,0.7045518125266547,2.7142857142857144,1537.0,1.6919800141728305,3.4,-1695.0,-1.764018691588785,1.0,3231.0,3.617857502771339,4.0,-2400.0,-2.5,1.0,3.0,1.0,0.4576569507936769,0.8991645087642515,2.2669616519174043,0.028874939153570787,2.179872455335891,0.29523415197030467,1402.259958093275,1.1296799598875968,15.079365079365079,-0.012774492127710103,-0.020385345343628788,-0.016379729503734137,-0.022386180878697506,0.8900602346663307,0.3992006692071754,0.9334349894703655,1.0713118870414358,0.737957239151001,,
1e-05,1e-06,0.01,0.03,0.01,0.03,2026-01-05 00:00:00+08:00,2026-07-15 00:00:00+08:00,191 days,127.0,2.0,100000.0,102805.3849,-117.0,3240.0,2.8053849,0.054295255332139636,0.12106730332399508,1584.0,-1701.0,317.6151,7518.823,7.172792573994732,50.0,50.0,1.0,1.0,-58.5,-0.030647148088827663,5.5,1584.0,1.7736571601330242,5.0,-1701.0,-1.83495145631068,6.0,1584.0,1.7736571601330242,5.0,-1701.0,-1.83495145631068,6.0,1.0,1.0,0.44847166692758506,0.8270080237798951,0.9312169312169313,0.03654824934750163,1.4855774572373919,0.06311870091604854,1003.630442508538,0.7569611803496091,14.285714285714285,-0.01010680172415437,-0.015275237856958345,-0.015117310015192646,-0.022581398909072826,-0.050369250166712974,-0.03693181818181823,0.915993524672377,1.0917107742193586,0.7818665504455566,,
1e-05,1e-06,0.01,0.03,0.01,0.05,2026-01-05 00:00:00+08:00,2026-07-15 00:00:00+08:00,191 days,127.0,2.0,100000.0,102805.3849,-117.0,3240.0,2.8053849,0.054295255332139636,0.12106730332399508,1584.0,-1701.0,317.6151,7518.823,7.172792573994732,50.0,50.0,1.0,1.0,-58.5,-0.030647148088827663,5.5,1584.0,1.7736571601330242,5.0,-1701.0,-1.83495145631068,6.0,1584.0,1.7736571601330242,5.0,-1701.0,-1.83495145631068,6.0,1.0,1.0,0.44847166692758506,0.8270080237798951,0.9312169312169313,0.03654824934750163,1.4855774572373919,0.06311870091604854,1003.630442508538,0.7569611803496091,14.285714285714285,-0.01010680172415437,-0.015275237856958345,-0.015117310015192646,-0.022581398909072826,-0.050369250166712974,-0.03693181818181823,0.915993524672377,1.0917107742193586,0.9619913101196289,,
1e-05,1e-06,0.01,0.03,0.01,0.08,2026-01-05 00:00:00+08:00,2026-07-15 00:00:00+08:00,191 days,127.0,2.0,100000.0,102805.3849,-117.0,3240.0,2.8053849,0.054295255332139636,0.12106730332399508,1584.0,-1701.0,317.6151,7518.823,7.172792573994732,50.0,50.0,1.0,1.0,-58.5,-0.030647148088827663,5.5,1584.0,1.7736571601330242,5.0,-1701.0,-1.83495145631068,6.0,1584.0,1.7736571601330242,5.0,-1701.0,-1.83495145631068,6.0,1.0,1.0,0.44847166692758506,0.8270080237798951,0.9312169312169313,0.03654824934750163,1.4855774572373919,0.06311870091604854,1003.630442508538,0.7569611803496091,14.285714285714285,-0.01010680172415437,-0.015275237856958345,-0.015117310015192646,-0.022581398909072826,-0.050369250166712974,-0.03693181818181823,0.915993524672377,1.0917107742193586,0.7212514877319336,,
1e-05,1e-05,0.1,0.03,0.01,0.03,2026-01-05 00:00:00+08:00,2026-07-15 00:00:00+08:00,191 days,127.0,2.0,100000.0,102805.3849,-117.0,3240.0,2.8053849,0.054295255332139636,0.12106730332399508,1584.0,-1701.0,317.6151,7518.823,7.172792573994732,50.0,50.0,1.0,1.0,-58.5,-0.030647148088827663,5.5,1584.0,1.7736571601330242,5.0,-1701.0,-1.83495145631068,6.0,1584.0,1.7736571601330242,5.0,-1701.0,-1.83495145631068,6.0,1.0,1.0,0.44847166692758506,0.8270080237798951,0.9312169312169313,0.03654824934750163,1.4855774572373919,0.06311870091604854,1003.630442508538,0.7569611803496091,14.285714285714285,-0.01010680172415437,-0.015275237856958345,-0.015117310015192646,-0.022581398909072826,-0.050369250166712974,-0.03693181818181823,0.915993524672377,1.0917107742193586,0.5472996234893799,,
1e-05,1e-05,0.1,0.03,0.01,0.05,2026-01-05 00:00:00+08:00,2026-07-15 00:00:00+08:00,191 days,127.0,2.0,100000.0,102805.3849,-117.0,3240.0,2.8053849,0.054295255332139636,0.12106730332399508,1584.0,-1701.0,317.6151,7518.823,7.172792573994732,50.0,50.0,1.0,1.0,-58.5,-0.030647148088827663,5.5,1584.0,1.7736571601330242,5.0,-1701.0,-1.83495145631068,6.0,1584.0,1.7736571601330242,5.0,-1701.0,-1.83495145631068,6.0,1.0,1.0,0.44847166692758506,0.8270080237798951,0.9312169312169313,0.03654824934750163,1.4855774572373919,0.06311870091604854,1003.630442508538,0.7569611803496091,14.285714285714285,-0.01010680172415437,-0.015275237856958345,-0.015117310015192646,-0.022581398909072826,-0.050369250166712974,-0.03693181818181823,0.915993524672377,1.0917107742193586,0.6747579574584961,,
1e-05,1e-05,0.1,0.03,0.01,0.08,2026-01-05 00:00:00+08:00,2026-07-15 00:00:00+08:00,191 days,127.0,2.0,100000.0,102805.3849,-117.0,3240.0,2.8053849,0.054295255332139636,0.12106730332399508,1584.0,-1701.0,317.6151,7518.823,7.172792573994732,50.0,50.0,1.0,1.0,-58.5,-0.030647148088827663,5.5,1584.0,1.7736571601330242,5.0,-1701.0,-1.83495145631068,6.0,1584.0,1.7736571601330242,5.0,-1701.0,-1.83495145631068,6.0,1.0,1.0,0.44847166692758506,0.8270080237798951,0.9312169312169313,0.03654824934750163,1.4855774572373919,0.06311870091604854,1003.630442508538,0.7569611803496091,14.285714285714285,-0.01010680172415437,-0.015275237856958345,-0.015117310015192646,-0.022581398909072826,-0.050369250166712974,-0.03693181818181823,0.915993524672377,1.0917107742193586,0.6590313911437988,,
0.0001,1e-05,0.1,0.03,0.01,0.03,2026-01-05 00:00:00+08:00,2026-07-15 00:00:00+08:00,191 days,127.0,2.0,100000.0,102805.3849,-117.0,3240.0,2.8053849,0.054295255332139636,0.12106730332399508,1584.0,-1701.0,317.6151,7518.823,7.172792573994732,50.0,50.0,1.0,1.0,-58.5,-0.030647148088827663,5.5,1584.0,1.7736571601330242,5.0,-1701.0,-1.83495145631068,6.0,1584.0,1.7736571601330242,5.0,-1701.0,-1.83495145631068,6.0,1.0,1.0,0.44847166692758506,0.8270080237798951,0.9312169312169313,0.03654824934750163,1.4855774572373919,0.06311870091604854,1003.630442508538,0.7569611803496091,14.285714285714285,-0.01010680172415437,-0.015275237856958345,-0.015117310015192646,-0.022581398909072826,-0.050369250166712974,-0.03693181818181823,0.915993524672377,1.0917107742193586,0.6529290676116943,,
0.0001,1e-05,0.1,0.03,0.01,0.05,2026-01-05 00:00:00+08:00,2026-07-15 00:00:00+08:00,191 days,127.0,2.0,100000.0,102805.3849,-117.0,3240.0,2.8053849,0.054295255332139636,0.12106730332399508,1584.0,-1701.0,317.6151,7518.823,7.172792573994732,50.0,50.0,1.0,1.0,-58.5,-0.030647148088827663,5.5,1584.0,1.7736571601330242,5.0,-1701.0,-1.83495145631068,6.0,1584.0,1.7736571601330242,5.0,-1701.0,-1.83495145631068,6.0,1.0,1.0,0.44847166692758506,0.8270080237798951,0.9312169312169313,0.03654824934750163,1.4855774572373919,0.06311870091604854,1003.630442508538,0.7569611803496091,14.285714285714285,-0.01010680172415437,-0.015275237856958345,-0.015117310015192646,-0.022581398909072826,-0.050369250166712974,-0.03693181818181823,0.915993524672377,1.0917107742193586,0.5854873657226562,,
0.0001,1e-05,0.1,0.03,0.01,0.08,2026-01-05 00:00:00+08:00,2026-07-15 00:00:00+08:00,191 days,127.0,2.0,100000.0,102805.3849,-117.0,3240.0,2.8053849,0.054295255332139636,0.12106730332399508,1584.0,-1701.0,317.6151,7518.823,7.172792573994732,50.0,50.0,1.0,1.0,-58.5,-0.030647148088827663,5.5,1584.0,1.7736571601330242,5.0,-1701.0,-1.83495145631068,6.0,1584.0,1.7736571601330242,5.0,-1701.0,-1.83495145631068,6.0,1.0,1.0,0.44847166692758506,0.8270080237798951,0.9312169312169313,0.03654824934750163,1.4855774572373919,0.06311870091604854,1003.630442508538,0.7569611803496091,14.285714285714285,-0.01010680172415437,-0.015275237856958345,-0.015117310015192646,-0.022581398909072826,-0.050369250166712974,-0.03693181818181823,0.915993524672377,1.0917107742193586,0.5580399036407471,,
0.001,1e-06,0.01,0.01,0.005,0.03,2026-01-05 00:00:00+08:00,2026-07-15 00:00:00+08:00,191 days,127.0,6.0,100000.0,103490.5827,-3645.0,8030.0,3.4905827,0.0677643392603633,0.15333954395649607,3411.0,-7056.0,894.4173,9338.5062,8.908730518535119,33.33333333333333,66.66666666666666,2.0,4.0,-607.5,-0.6374312789274454,3.3333333333333335,1705.5,1.9133128849973609,4.5,-1764.0,-1.9128033608898487,2.75,3231.0,3.617857502771339,4.0,-3141.0,-3.338435048785154,2.0,1.0,3.0,0.4419234433068922,0.7962690034412261,0.48341836734693877,0.049305338347302725,1.3743813861094896,0.277539370697652,1910.9748286515266,0.7606509044063657,22.22222222222222,-0.014166612208323147,-0.02320453742645829,-0.019023057478449547,-0.026445396118219423,-0.7193100773655199,-0.3562005277044856,0.9458499476013459,1.0572501510794365,0.6026341915130615,,
0.001,1e-06,0.01,0.01,0.005,0.05,2026-01-05 00:00:00+08:00,2026-07-15 00:00:00+08:00,191 days,127.0,6.0,100000.0,103490.5827,-3645.0,8030.0,3.4905827,0.0677643392603633,0.15333954395649607,3411.0,-7056.0,894.4173,9338.5062,8.908730518535119,33.33333333333333,66.66666666666666,2.0,4.0,-607.5,-0.6374312789274454,3.3333333333333335,1705.5,1.9133128849973609,4.5,-1764.0,-1.9128033608898487,2.75,3231.0,3.617857502771339,4.0,-3141.0,-3.338435048785154,2.0,1.0,3.0,0.4419234433068922,0.7962690034412261,0.48341836734693877,0.049305338347302725,1.3743813861094896,0.277539370697652,1910.9748286515266,0.7606509044063657,22.22222222222222,-0.014166612208323147,-0.02320453742645829,-0.019023057478449547,-0.026445396118219423,-0.7193100773655199,-0.3562005277044856,0.9458499476013459,1.0572501510794365,0.6983859539031982,,
0.001,1e-06,0.01,0.01,0.005,0.08,2026-01-05 00:00:00+08:00,2026-07-15 00:00:00+08:00,191 days,127.0,6.0,100000.0,103490.5827,-3645.0,8030.0,3.4905827,0.0677643392603633,0.15333954395649607,3411.0,-7056.0,894.4173,9338.5062,8.908730518535119,33.33333333333333,66.66666666666666,2.0,4.0,-607.5,-0.6374312789274454,3.3333333333333335,1705.5,1.9133128849973609,4.5,-1764.0,-1.9128033608898487,2.75,3231.0,3.617857502771339,4.0,-3141.0,-3.338435048785154,2.0,1.0,3.0,0.4419234433068922,0.7962690034412261,0.48341836734693877,0.049305338347302725,1.3743813861094896,0.277539370697652,1910.9748286515266,0.7606509044063657,22.22222222222222,-0.014166612208323147,-0.02320453742645829,-0.019023057478449547,-0.026445396118219423,-0.7193100773655199,-0.3562005277044856,0.9458499476013459,1.0572501510794365,0.5732781887054443,,
1e-05,1e-05,0.1,0.01,0.005,0.03,2026-01-05 00:00:00+08:00,2026-07-15 00:00:00+08:00,191 days,127.0,6.0,100000.0,103310.5287,-3825.0,8030.0,3.3105287,0.06421708329500553,0.15263059544173102,3231.0,-7056.0,894.4713,9518.5602,9.080498093608776,16.666666666666664,83.33333333333334,1.0,5.0,-637.5,-0.6722259901313423,3.1666666666666665,3231.0,3.617857502771339,4.0,-1411.2,-1.530242688711879,3.0,3231.0,3.617857502771339,4.0,-3141.0,-3.338435048785154,2.0,1.0,5.0,0.42073532576580525,0.7636018799168595,0.45790816326530615,0.05008735872606684,1.2821016106322491,0.2946509597543717,1935.748701496418,0.7071978060344962,21.428571428571427,-0.014166612208323147,-0.02324719372756695,-0.019036670545162535,-0.026493041851714888,-0.7586300727723748,-0.1973073351903436,0.9458499476013459,1.0572501510794365,0.6646170616149902,,
1e-05,1e-05,0.1,0.01,0.005,0.05,2026-01-05 00:00:00+08:00,2026-07-15 00:00:00+08:00,191 days,127.0,6.0,100000.0,103310.5287,-3825.0,8030.0,3.3105287,0.06421708329500553,0.15263059544173102,3231.0,-7056.0,894.4713,9518.5602,9.080498093608776,16.666666666666664,83.33333333333334,1.0,5.0,-637.5,-0.6722259901313423,3.1666666666666665,3231.0,3.617857502771339,4.0,-1411.2,-1.530242688711879,3.0,3231.0,3.617857502771339,4.0,-3141.0,-3.338435048785154,2.0,1.0,5.0,0.42073532576580525,0.7636018799168595,0.45790816326530615,0.05008735872606684,1.2821016106322491,0.2946509597543717,1935.748701496418,0.7071978060344962,21.428571428571427,-0.014166612208323147,-0.02324719372756695,-0.019036670545162535,-0.026493041851714888,-0.7586300727723748,-0.1973073351903436,0.9458499476013459,1.0572501510794365,0.7714996337890625,,
1e-05,1e-05,0.1,0.01,0.005,0.08,2026-01-05 00:00:00+08:00,2026-07-15 00:00:00+08:00,191 days,127.0,6.0,100000.0,103310.5287,-3825.0,8030.0,3.3105287,0.06421708329500553,0.15263059544173102,3231.0,-7056.0,894.4713,9518.5602,9.080498093608776,16.666666666666664,83.33333333333334,1.0,5.0,-637.5,-0.6722259901313423,3.1666666666666665,3231.0,3.617857502771339,4.0,-1411.2,-1.530242688711879,3.0,3231.0,3.617857502771339,4.0,-3141.0,-3.338435048785154,2.0,1.0,5.0,0.42073532576580525,0.7636018799168595,0.45790816326530615,0.05008735872606684,1.2821016106322491,0.2946509597543717,1935.748701496418,0.7071978060344962,21.428571428571427,-0.014166612208323147,-0.02324719372756695,-0.019036670545162535,-0.026493041851714888,-0.7586300727723748,-0.1973073351903436,0.9458499476013459,1.0572501510794365,0.5733256340026855,,
0.0001,1e-06,0.01,0.01,0.005,0.03,2026-01-05 00:00:00+08:00,2026-07-15 00:00:00+08:00,191 days,127.0,6.0,100000.0,103310.5287,-3825.0,8030.0,3.3105287,0.06421708329500553,0.15263059544173102,3231.0,-7056.0,894.4713,9518.5602,9.080498093608776,16.666666666666664,83.33333333333334,1.0,5.0,-637.5,-0.6722259901313423,3.1666666666666665,3231.0,3.617857502771339,4.0,-1411.2,-1.530242688711879,3.0,3231.0,3.617857502771339,4.0,-3141.0,-3.338435048785154,2.0,1.0,5.0,0.42073532576580525,0.7636018799168595,0.45790816326530615,0.05008735872606684,1.2821016106322491,0.2946509597543717,1935.748701496418,0.7071978060344962,21.428571428571427,-0.014166612208323147,-0.02324719372756695,-0.019036670545162535,-0.026493041851714888,-0.7586300727723748,-0.1973073351903436,0.9458499476013459,1.0572501510794365,0.606072187423706,,
0.0001,1e-06,0.01,0.01,0.005,0.05,2026-01-05 00:00:00+08:00,2026-07-15 00:00:00+08:00,191 days,127.0,6.0,100000.0,103310.5287,-3825.0,8030.0,3.3105287,0.06421708329500553,0.15263059544173102,3231.0,-7056.0,894.4713,9518.5602,9.080498093608776,16.666666666666664,83.33333333333334,1.0,5.0,-637.5,-0.6722259901313423,3.1666666666666665,3231.0,3.617857502771339,4.0,-1411.2,-1.530242688711879,3.0,3231.0,3.617857502771339,4.0,-3141.0,-3.338435048785154,2.0,1.0,5.0,0.42073532576580525,0.7636018799168595,0.45790816326530615,0.05008735872606684,1.2821016106322491,0.2946509597543717,1935.748701496418,0.7071978060344962,21.428571428571427,-0.014166612208323147,-0.02324719372756695,-0.019036670545162535,-0.026493041851714888,-0.7586300727723748,-0.1973073351903436,0.9458499476013459,1.0572501510794365,0.6334583759307861,,
0.0001,1e-06,0.01,0.01,0.005,0.08,2026-01-05 00:00:00+08:00,2026-07-15 00:00:00+08:00,191 days,127.0,6.0,100000.0,103310.5287,-3825.0,8030.0,3.3105287,0.06421708329500553,0.15263059544173102,3231.0,-7056.0,894.4713,9518.5602,9.080498093608776,16.666666666666664,83.33333333333334,1.0,5.0,-637.5,-0.6722259901313423,3.1666666666666665,3231.0,3.617857502771339,4.0,-1411.2,-1.530242688711879,3.0,3231.0,3.617857502771339,4.0,-3141.0,-3.338435048785154,2.0,1.0,5.0,0.42073532576580525,0.7636018799168595,0.45790816326530615,0.05008735872606684,1.2821016106322491,0.2946509597543717,1935.748701496418,0.7071978060344962,21.428571428571427,-0.014166612208323147,-0.02324719372756695,-0.019036670545162535,-0.026493041851714888,-0.7586300727723748,-0.1973073351903436,0.9458499476013459,1.0572501510794365,0.7249932289123535,,
0.0001,1e-05,0.1,0.01,0.005,0.03,2026-01-05 00:00:00+08:00,2026-07-15 00:00:00+08:00,191 days,127.0,6.0,100000.0,103310.5287,-3825.0,8030.0,3.3105287,0.06421708329500553,0.15263059544173102,3231.0,-7056.0,894.4713,9518.5602,9.080498093608776,16.666666666666664,83.33333333333334,1.0,5.0,-637.5,-0.6722259901313423,3.1666666666666665,3231.0,3.617857502771339,4.0,-1411.2,-1.530242688711879,3.0,3231.0,3.617857502771339,4.0,-3141.0,-3.338435048785154,2.0,1.0,5.0,0.42073532576580525,0.7636018799168595,0.45790816326530615,0.05008735872606684,1.2821016106322491,0.2946509597543717,1935.748701496418,0.7071978060344962,21.428571428571427,-0.014166612208323147,-0.02324719372756695,-0.019036670545162535,-0.026493041851714888,-0.7586300727723748,-0.1973073351903436,0.9458499476013459,1.0572501510794365,0.7404053211212158,,
0.0001,1e-05,0.1,0.01,0.005,0.05,2026-01-05 00:00:00+08:00,2026-07-15 00:00:00+08:00,191 days,127.0,6.0,100000.0,103310.5287,-3825.0,8030.0,3.3105287,0.06421708329500553,0.15263059544173102,3231.0,-7056.0,894.4713,9518.5602,9.080498093608776,16.666666666666664,83.33333333333334,1.0,5.0,-637.5,-0.6722259901313423,3.1666666666666665,3231.0,3.617857502771339,4.0,-1411.2,-1.530242688711879,3.0,3231.0,3.617857502771339,4.0,-3141.0,-3.338435048785154,2.0,1.0,5.0,0.42073532576580525,0.7636018799168595,0.45790816326530615,0.05008735872606684,1.2821016106322491,0.2946509597543717,1935.748701496418,0.7071978060344962,21.428571428571427,-0.014166612208323147,-0.02324719372756695,-0.019036670545162535,-0.026493041851714888,-0.7586300727723748,-0.1973073351903436,0.9458499476013459,1.0572501510794365,0.8193426132202148,,
0.0001,1e-05,0.1,0.01,0.005,0.08,2026-01-05 00:00:00+08:00,2026-07-15 00:00:00+08:00,191 days,127.0,6.0,100000.0,103310.5287,-3825.0,8030.0,3.3105287,0.06421708329500553,0.15263059544173102,3231.0,-7056.0,894.4713,9518.5602,9.080498093608776,16.666666666666664,83.33333333333334,1.0,5.0,-637.5,-0.6722259901313423,3.1666666666666665,3231.0,3.617857502771339,4.0,-1411.2,-1.530242688711879,3.0,3231.0,3.617857502771339,4.0,-3141.0,-3.338435048785154,2.0,1.0,5.0,0.42073532576580525,0.7636018799168595,0.45790816326530615,0.05008735872606684,1.2821016106322491,0.2946509597543717,1935.748701496418,0.7071978060344962,21.428571428571427,-0.014166612208323147,-0.02324719372756695,-0.019036670545162535,-0.026493041851714888,-0.7586300727723748,-0.1973073351903436,0.9458499476013459,1.0572501510794365,0.6896023750305176,,
0.001,1e-05,0.1,0.01,0.005,0.03,2026-01-05 00:00:00+08:00,2026-07-15 00:00:00+08:00,191 days,127.0,6.0,100000.0,103310.5287,-3825.0,8030.0,3.3105287,0.06421708329500553,0.15263059544173102,3231.0,-7056.0,894.4713,9518.5602,9.080498093608776,16.666666666666664,83.33333333333334,1.0,5.0,-637.5,-0.6722259901313423,3.1666666666666665,3231.0,3.617857502771339,4.0,-1411.2,-1.530242688711879,3.0,3231.0,3.617857502771339,4.0,-3141.0,-3.338435048785154,2.0,1.0,5.0,0.42073532576580525,0.7636018799168595,0.45790816326530615,0.05008735872606684,1.2821016106322491,0.2946509597543717,1935.748701496418,0.7071978060344962,21.428571428571427,-0.014166612208323147,-0.02324719372756695,-0.019036670545162535,-0.026493041851714888,-0.7586300727723748,-0.1973073351903436,0.9458499476013459,1.0572501510794365,0.6979336738586426,,
0.001,1e-05,0.1,0.01,0.005,0.05,2026-01-05 00:00:00+08:00,2026-07-15 00:00:00+08:00,191 days,127.0,6.0,100000.0,103310.5287,-3825.0,8030.0,3.3105287,0.06421708329500553,0.15263059544173102,3231.0,-7056.0,894.4713,9518.5602,9.080498093608776,16.666666666666664,83.33333333333334,1.0,5.0,-637.5,-0.6722259901313423,3.1666666666666665,3231.0,3.617857502771339,4.0,-1411.2,-1.530242688711879,3.0,3231.0,3.617857502771339,4.0,-3141.0,-3.338435048785154,2.0,1.0,5.0,0.42073532576580525,0.7636018799168595,0.45790816326530615,0.05008735872606684,1.2821016106322491,0.2946509597543717,1935.748701496418,0.7071978060344962,21.428571428571427,-0.014166612208323147,-0.02324719372756695,-0.019036670545162535,-0.026493041851714888,-0.7586300727723748,-0.1973073351903436,0.9458499476013459,1.0572501510794365,0.6615586280822754,,
0.001,1e-05,0.1,0.01,0.005,0.08,2026-01-05 00:00:00+08:00,2026-07-15 00:00:00+08:00,191 days,127.0,6.0,100000.0,103310.5287,-3825.0,8030.0,3.3105287,0.06421708329500553,0.15263059544173102,3231.0,-7056.0,894.4713,9518.5602,9.080498093608776,16.666666666666664,83.33333333333334,1.0,5.0,-637.5,-0.6722259901313423,3.1666666666666665,3231.0,3.617857502771339,4.0,-1411.2,-1.530242688711879,3.0,3231.0,3.617857502771339,4.0,-3141.0,-3.338435048785154,2.0,1.0,5.0,0.42073532576580525,0.7636018799168595,0.45790816326530615,0.05008735872606684,1.2821016106322491,0.2946509597543717,1935.748701496418,0.7071978060344962,21.428571428571427,-0.014166612208323147,-0.02324719372756695,-0.019036670545162535,-0.026493041851714888,-0.7586300727723748,-0.1973073351903436,0.9458499476013459,1.0572501510794365,0.7140762805938721,,
0.001,1e-05,0.001,0.03,0.01,0.03,2026-01-05 00:00:00+08:00,2026-07-15 00:00:00+08:00,191 days,127.0,3.0,100000.0,103074.6786,-558.0,4100.0,3.0746786000000004,0.05957909839545561,0.14414349484559308,4284.0,-4842.0,467.3214,9958.5293,9.260887398859046,33.33333333333333,66.66666666666666,1.0,2.0,-186.0,-0.12548336491202114,6.333333333333333,4284.0,4.79693641035977,11.0,-2421.0,-2.586693252547917,4.0,4284.0,4.79693641035977,11.0,-3141.0,-3.338435048785154,2.0,1.0,2.0,0.4133318569754182,0.7099679690048681,0.8847583643122677,0.05221818861084262,1.1409644796274026,0.046230751866795816,2099.060111590812,0.6433411381591341,19.841269841269842,-0.014001835666050871,-0.029210306429068657,-0.019605719811233355,-0.02950921273350713,-0.10020658707909272,-0.043417366946778835,0.9189518870763064,1.0881962527783173,0.6158037185668945,,
0.001,1e-05,0.001,0.03,0.01,0.05,2026-01-05 00:00:00+08:00,2026-07-15 00:00:00+08:00,191 days,127.0,3.0,100000.0,103074.6786,-558.0,4100.0,3.0746786000000004,0.05957909839545561,0.14414349484559308,4284.0,-4842.0,467.3214,9958.5293,9.260887398859046,33.33333333333333,66.66666666666666,1.0,2.0,-186.0,-0.12548336491202114,6.333333333333333,4284.0,4.79693641035977,11.0,-2421.0,-2.586693252547917,4.0,4284.0,4.79693641035977,11.0,-3141.0,-3.338435048785154,2.0,1.0,2.0,0.4133318569754182,0.7099679690048681,0.8847583643122677,0.05221818861084262,1.1409644796274026,0.046230751866795816,2099.060111590812,0.6433411381591341,19.841269841269842,-0.014001835666050871,-0.029210306429068657,-0.019605719811233355,-0.02950921273350713,-0.10020658707909272,-0.043417366946778835,0.9189518870763064,1.0881962527783173,0.601759672164917,,
0.001,1e-05,0.001,0.03,0.01,0.08,2026-01-05 00:00:00+08:00,2026-07-15 00:00:00+08:00,191 days,127.0,3.0,100000.0,103074.6786,-558.0,4100.0,3.0746786000000004,0.05957909839545561,0.14414349484559308,4284.0,-4842.0,467.3214,9958.5293,9.260887398859046,33.33333333333333,66.66666666666666,1.0,2.0,-186.0,-0.12548336491202114,6.333333333333333,4284.0,4.79693641035977,11.0,-2421.0,-2.586693252547917,4.0,4284.0,4.79693641035977,11.0,-3141.0,-3.338435048785154,2.0,1.0,2.0,0.4133318569754182,0.7099679690048681,0.8847583643122677,0.05221818861084262,1.1409644796274026,0.046230751866795816,2099.060111590812,0.6433411381591341,19.841269841269842,-0.014001835666050871,-0.029210306429068657,-0.019605719811233355,-0.02950921273350713,-0.10020658707909272,-0.043417366946778835,0.9189518870763064,1.0881962527783173,0.6465542316436768,,
1e-05,1e-06,0.001,0.03,0.01,0.08,2026-01-05 00:00:00+08:00,2026-07-15 00:00:00+08:00,191 days,127.0,3.0,100000.0,102883.103,-4700.0,8030.0,2.883103,0.05581887853596501,0.13864071781428283,1584.0,-6284.0,446.897,10080.8939,9.616952135347354,33.33333333333333,66.66666666666666,1.0,2.0,-1566.6666666666667,-1.753455981615986,3.3333333333333335,1584.0,1.7736571601330242,5.0,-3142.0,-3.5170125524904914,2.5,1584.0,1.7736571601330242,5.0,-3492.0,-3.6955900561958286,3.0,1.0,2.0,0.40261533131080285,0.789799073421973,0.25206874602164225,0.06003751403377586,0.9297333414665115,0.39226064694776797,2132.9709388331353,0.5804217152209928,14.285714285714285,-0.011014962230087771,-0.018481815416515165,-0.01612210648719326,-0.024173202655733632,-1.2081084399539541,-0.9890572390572394,0.9310248715745725,1.074085161987966,0.5907731056213379,,
1e-05,1e-05,0.01,0.03,0.01,0.03,2026-01-05 00:00:00+08:00,2026-07-15 00:00:00+08:00,191 days,127.0,3.0,100000.0,102883.103,-4700.0,8030.0,2.883103,0.05581887853596501,0.13864071781428283,1584.0,-6284.0,446.897,10080.8939,9.616952135347354,33.33333333333333,66.66666666666666,1.0,2.0,-1566.6666666666667,-1.753455981615986,3.3333333333333335,1584.0,1.7736571601330242,5.0,-3142.0,-3.5170125524904914,2.5,1584.0,1.7736571601330242,5.0,-3492.0,-3.6955900561958286,3.0,1.0,2.0,0.40261533131080285,0.789799073421973,0.25206874602164225,0.06003751403377586,0.9297333414665115,0.39226064694776797,2132.9709388331353,0.5804217152209928,14.285714285714285,-0.011014962230087771,-0.018481815416515165,-0.01612210648719326,-0.024173202655733632,-1.2081084399539541,-0.9890572390572394,0.9310248715745725,1.074085161987966,0.6275506019592285,,
1e-05,1e-05,0.01,0.03,0.01,0.05,2026-01-05 00:00:00+08:00,2026-07-15 00:00:00+08:00,191 days,127.0,3.0,100000.0,102883.103,-4700.0,8030.0,2.883103,0.05581887853596501,0.13864071781428283,1584.0,-6284.0,446.897,10080.8939,9.616952135347354,33.33333333333333,66.66666666666666,1.0,2.0,-1566.6666666666667,-1.753455981615986,3.3333333333333335,1584.0,1.7736571601330242,5.0,-3142.0,-3.5170125524904914,2.5,1584.0,1.7736571601330242,5.0,-3492.0,-3.6955900561958286,3.0,1.0,2.0,0.40261533131080285,0.789799073421973,0.25206874602164225,0.06003751403377586,0.9297333414665115,0.39226064694776797,2132.9709388331353,0.5804217152209928,14.285714285714285,-0.011014962230087771,-0.018481815416515165,-0.01612210648719326,-0.024173202655733632,-1.2081084399539541,-0.9890572390572394,0.9310248715745725,1.074085161987966,0.5662224292755127,,
1e-05,1e-05,0.01,0.03,0.01,0.08,2026-01-05 00:00:00+08:00,2026-07-15 00:00:00+08:00,191 days,127.0,3.0,100000.0,102883.103,-4700.0,8030.0,2.883103,0.05581887853596501,0.13864071781428283,1584.0,-6284.0,446.897,10080.8939,9.616952135347354,33.33333333333333,66.66666666666666,1.0,2.0,-1566.6666666666667,-1.753455981615986,3.3333333333333335,1584.0,1.7736571601330242,5.0,-3142.0,-3.5170125524904914,2.5,1584.0,1.7736571601330242,5.0,-3492.0,-3.6955900561958286,3.0,1.0,2.0,0.40261533131080285,0.789799073421973,0.25206874602164225,0.06003751403377586,0.9297333414665115,0.39226064694776797,2132.9709388331353,0.5804217152209928,14.285714285714285,-0.011014962230087771,-0.018481815416515165,-0.01612210648719326,-0.024173202655733632,-1.2081084399539541,-0.9890572390572394,0.9310248715745725,1.074085161987966,0.6933379173278809,,
1e-05,0.0001,0.1,0.03,0.01,0.03,2026-01-05 00:00:00+08:00,2026-07-15 00:00:00+08:00,191 days,127.0,3.0,100000.0,102883.103,-4700.0,8030.0,2.883103,0.05581887853596501,0.13864071781428283,1584.0,-6284.0,446.897,10080.8939,9.616952135347354,33.33333333333333,66.66666666666666,1.0,2.0,-1566.6666666666667,-1.753455981615986,3.3333333333333335,1584.0,1.7736571601330242,5.0,-3142.0,-3.5170125524904914,2.5,1584.0,1.7736571601330242,5.0,-3492.0,-3.6955900561958286,3.0,1.0,2.0,0.40261533131080285,0.789799073421973,0.25206874602164225,0.06003751403377586,0.9297333414665115,0.39226064694776797,2132.9709388331353,0.5804217152209928,14.285714285714285,-0.011014962230087771,-0.018481815416515165,-0.01612210648719326,-0.024173202655733632,-1.2081084399539541,-0.9890572390572394,0.9310248715745725,1.074085161987966,0.6897594928741455,,
1e-05,0.0001,0.1,0.03,0.01,0.05,2026-01-05 00:00:00+08:00,2026-07-15 00:00:00+08:00,191 days,127.0,3.0,100000.0,102883.103,-4700.0,8030.0,2.883103,0.05581887853596501,0.13864071781428283,1584.0,-6284.0,446.897,10080.8939,9.616952135347354,33.33333333333333,66.66666666666666,1.0,2.0,-1566.6666666666667,-1.753455981615986,3.3333333333333335,1584.0,1.7736571601330242,5.0,-3142.0,-3.5170125524904914,2.5,1584.0,1.7736571601330242,5.0,-3492.0,-3.6955900561958286,3.0,1.0,2.0,0.40261533131080285,0.789799073421973,0.25206874602164225,0.06003751403377586,0.9297333414665115,0.39226064694776797,2132.9709388331353,0.5804217152209928,14.285714285714285,-0.011014962230087771,-0.018481815416515165,-0.01612210648719326,-0.024173202655733632,-1.2081084399539541,-0.9890572390572394,0.9310248715745725,1.074085161987966,0.5896730422973633,,
1e-05,0.0001,0.1,0.03,0.01,0.08,2026-01-05 00:00:00+08:00,2026-07-15 00:00:00+08:00,191 days,127.0,3.0,100000.0,102883.103,-4700.0,8030.0,2.883103,0.05581887853596501,0.13864071781428283,1584.0,-6284.0,446.897,10080.8939,9.616952135347354,33.33333333333333,66.66666666666666,1.0,2.0,-1566.6666666666667,-1.753455981615986,3.3333333333333335,1584.0,1.7736571601330242,5.0,-3142.0,-3.5170125524904914,2.5,1584.0,1.7736571601330242,5.0,-3492.0,-3.6955900561958286,3.0,1.0,2.0,0.40261533131080285,0.789799073421973,0.25206874602164225,0.06003751403377586,0.9297333414665115,0.39226064694776797,2132.9709388331353,0.5804217152209928,14.285714285714285,-0.011014962230087771,-0.018481815416515165,-0.01612210648719326,-0.024173202655733632,-1.2081084399539541,-0.9890572390572394,0.9310248715745725,1.074085161987966,0.6314456462860107,,
0.0001,1e-05,0.01,0.03,0.01,0.03,2026-01-05 00:00:00+08:00,2026-07-15 00:00:00+08:00,191 days,127.0,3.0,100000.0,102883.103,-4700.0,8030.0,2.883103,0.05581887853596501,0.13864071781428283,1584.0,-6284.0,446.897,10080.8939,9.616952135347354,33.33333333333333,66.66666666666666,1.0,2.0,-1566.6666666666667,-1.753455981615986,3.3333333333333335,1584.0,1.7736571601330242,5.0,-3142.0,-3.5170125524904914,2.5,1584.0,1.7736571601330242,5.0,-3492.0,-3.6955900561958286,3.0,1.0,2.0,0.40261533131080285,0.789799073421973,0.25206874602164225,0.06003751403377586,0.9297333414665115,0.39226064694776797,2132.9709388331353,0.5804217152209928,14.285714285714285,-0.011014962230087771,-0.018481815416515165,-0.01612210648719326,-0.024173202655733632,-1.2081084399539541,-0.9890572390572394,0.9310248715745725,1.074085161987966,0.6652719974517822,,
0.0001,1e-05,0.01,0.03,0.01,0.05,2026-01-05 00:00:00+08:00,2026-07-15 00:00:00+08:00,191 days,127.0,3.0,100000.0,102883.103,-4700.0,8030.0,2.883103,0.05581887853596501,0.13864071781428283,1584.0,-6284.0,446.897,10080.8939,9.616952135347354,33.33333333333333,66.66666666666666,1.0,2.0,-1566.6666666666667,-1.753455981615986,3.3333333333333335,1584.0,1.7736571601330242,5.0,-3142.0,-3.5170125524904914,2.5,1584.0,1.7736571601330242,5.0,-3492.0,-3.6955900561958286,3.0,1.0,2.0,0.40261533131080285,0.789799073421973,0.25206874602164225,0.06003751403377586,0.9297333414665115,0.39226064694776797,2132.9709388331353,0.5804217152209928,14.285714285714285,-0.011014962230087771,-0.018481815416515165,-0.01612210648719326,-0.024173202655733632,-1.2081084399539541,-0.9890572390572394,0.9310248715745725,1.074085161987966,0.5935359001159668,,
0.0001,1e-05,0.01,0.03,0.01,0.08,2026-01-05 00:00:00+08:00,2026-07-15 00:00:00+08:00,191 days,127.0,3.0,100000.0,102883.103,-4700.0,8030.0,2.883103,0.05581887853596501,0.13864071781428283,1584.0,-6284.0,446.897,10080.8939,9.616952135347354,33.33333333333333,66.66666666666666,1.0,2.0,-1566.6666666666667,-1.753455981615986,3.3333333333333335,1584.0,1.7736571601330242,5.0,-3142.0,-3.5170125524904914,2.5,1584.0,1.7736571601330242,5.0,-3492.0,-3.6955900561958286,3.0,1.0,2.0,0.40261533131080285,0.789799073421973,0.25206874602164225,0.06003751403377586,0.9297333414665115,0.39226064694776797,2132.9709388331353,0.5804217152209928,14.285714285714285,-0.011014962230087771,-0.018481815416515165,-0.01612210648719326,-0.024173202655733632,-1.2081084399539541,-0.9890572390572394,0.9310248715745725,1.074085161987966,0.6513195037841797,,
0.0001,0.0001,0.1,0.03,0.01,0.03,2026-01-05 00:00:00+08:00,2026-07-15 00:00:00+08:00,191 days,127.0,3.0,100000.0,102883.103,-4700.0,8030.0,2.883103,0.05581887853596501,0.13864071781428283,1584.0,-6284.0,446.897,10080.8939,9.616952135347354,33.33333333333333,66.66666666666666,1.0,2.0,-1566.6666666666667,-1.753455981615986,3.3333333333333335,1584.0,1.7736571601330242,5.0,-3142.0,-3.5170125524904914,2.5,1584.0,1.7736571601330242,5.0,-3492.0,-3.6955900561958286,3.0,1.0,2.0,0.40261533131080285,0.789799073421973,0.25206874602164225,0.06003751403377586,0.9297333414665115,0.39226064694776797,2132.9709388331353,0.5804217152209928,14.285714285714285,-0.011014962230087771,-0.018481815416515165,-0.01612210648719326,-0.024173202655733632,-1.2081084399539541,-0.9890572390572394,0.9310248715745725,1.074085161987966,0.7070517539978027,,
0.0001,0.0001,0.1,0.03,0.01,0.05,2026-01-05 00:00:00+08:00,2026-07-15 00:00:00+08:00,191 days,127.0,3.0,100000.0,102883.103,-4700.0,8030.0,2.883103,0.05581887853596501,0.13864071781428283,1584.0,-6284.0,446.897,10080.8939,9.616952135347354,33.33333333333333,66.66666666666666,1.0,2.0,-1566.6666666666667,-1.753455981615986,3.3333333333333335,1584.0,1.7736571601330242,5.0,-3142.0,-3.5170125524904914,2.5,1584.0,1.7736571601330242,5.0,-3492.0,-3.6955900561958286,3.0,1.0,2.0,0.40261533131080285,0.789799073421973,0.25206874602164225,0.06003751403377586,0.9297333414665115,0.39226064694776797,2132.9709388331353,0.5804217152209928,14.285714285714285,-0.011014962230087771,-0.018481815416515165,-0.01612210648719326,-0.024173202655733632,-1.2081084399539541,-0.9890572390572394,0.9310248715745725,1.074085161987966,0.6243066787719727,,
0.0001,0.0001,0.1,0.03,0.01,0.08,2026-01-05 00:00:00+08:00,2026-07-15 00:00:00+08:00,191 days,127.0,3.0,100000.0,102883.103,-4700.0,8030.0,2.883103,0.05581887853596501,0.13864071781428283,1584.0,-6284.0,446.897,10080.8939,9.616952135347354,33.33333333333333,66.66666666666666,1.0,2.0,-1566.6666666666667,-1.753455981615986,3.3333333333333335,1584.0,1.7736571601330242,5.0,-3142.0,-3.5170125524904914,2.5,1584.0,1.7736571601330242,5.0,-3492.0,-3.6955900561958286,3.0,1.0,2.0,0.40261533131080285,0.789799073421973,0.25206874602164225,0.06003751403377586,0.9297333414665115,0.39226064694776797,2132.9709388331353,0.5804217152209928,14.285714285714285,-0.011014962230087771,-0.018481815416515165,-0.01612210648719326,-0.024173202655733632,-1.2081084399539541,-0.9890572390572394,0.9310248715745725,1.074085161987966,0.6579546928405762,,
0.001,0.0001,0.1,0.03,0.01,0.03,2026-01-05 00:00:00+08:00,2026-07-15 00:00:00+08:00,191 days,127.0,3.0,100000.0,102883.103,-4700.0,8030.0,2.883103,0.05581887853596501,0.13864071781428283,1584.0,-6284.0,446.897,10080.8939,9.616952135347354,33.33333333333333,66.66666666666666,1.0,2.0,-1566.6666666666667,-1.753455981615986,3.3333333333333335,1584.0,1.7736571601330242,5.0,-3142.0,-3.5170125524904914,2.5,1584.0,1.7736571601330242,5.0,-3492.0,-3.6955900561958286,3.0,1.0,2.0,0.40261533131080285,0.789799073421973,0.25206874602164225,0.06003751403377586,0.9297333414665115,0.39226064694776797,2132.9709388331353,0.5804217152209928,14.285714285714285,-0.011014962230087771,-0.018481815416515165,-0.01612210648719326,-0.024173202655733632,-1.2081084399539541,-0.9890572390572394,0.9310248715745725,1.074085161987966,0.6340460777282715,,
0.001,0.0001,0.1,0.03,0.01,0.05,2026-01-05 00:00:00+08:00,2026-07-15 00:00:00+08:00,191 days,127.0,3.0,100000.0,102883.103,-4700.0,8030.0,2.883103,0.05581887853596501,0.13864071781428283,1584.0,-6284.0,446.897,10080.8939,9.616952135347354,33.33333333333333,66.66666666666666,1.0,2.0,-1566.6666666666667,-1.753455981615986,3.3333333333333335,1584.0,1.7736571601330242,5.0,-3142.0,-3.5170125524904914,2.5,1584.0,1.7736571601330242,5.0,-3492.0,-3.6955900561958286,3.0,1.0,2.0,0.40261533131080285,0.789799073421973,0.25206874602164225,0.06003751403377586,0.9297333414665115,0.39226064694776797,2132.9709388331353,0.5804217152209928,14.285714285714285,-0.011014962230087771,-0.018481815416515165,-0.01612210648719326,-0.024173202655733632,-1.2081084399539541,-0.9890572390572394,0.9310248715745725,1.074085161987966,0.635286808013916,,
0.001,0.0001,0.1,0.03,0.01,0.08,2026-01-05 00:00:00+08:00,2026-07-15 00:00:00+08:00,191 days,127.0,3.0,100000.0,102883.103,-4700.0,8030.0,2.883103,0.05581887853596501,0.13864071781428283,1584.0,-6284.0,446.897,10080.8939,9.616952135347354,33.33333333333333,66.66666666666666,1.0,2.0,-1566.6666666666667,-1.753455981615986,3.3333333333333335,1584.0,1.7736571601330242,5.0,-3142.0,-3.5170125524904914,2.5,1584.0,1.7736571601330242,5.0,-3492.0,-3.6955900561958286,3.0,1.0,2.0,0.40261533131080285,0.789799073421973,0.25206874602164225,0.06003751403377586,0.9297333414665115,0.39226064694776797,2132.9709388331353,0.5804217152209928,14.285714285714285,-0.011014962230087771,-0.018481815416515165,-0.01612210648719326,-0.024173202655733632,-1.2081084399539541,-0.9890572390572394,0.9310248715745725,1.074085161987966,0.5537092685699463,,
0.0001,1e-05,0.001,0.02,0.005,0.03,2026-01-05 00:00:00+08:00,2026-07-15 00:00:00+08:00,191 days,127.0,6.0,100000.0,102596.4133,3463.0,0.0,2.5964133,0.05020367731824482,0.13517625937653457,8845.0,-5382.0,866.5867,8028.477,7.62133763644361,50.0,50.0,3.0,3.0,577.1666666666666,0.6554263520298167,3.8333333333333335,2948.3333333333335,3.2861239339135846,5.0,-1794.0,-1.9752712298539512,2.6666666666666665,5434.0,6.031746031746032,6.0,-3141.0,-3.338435048785154,2.0,1.0,2.0,0.3713941897031051,0.7158106599179178,1.643441099962839,0.03935396122337116,1.2756956544549913,0.020874766269403433,2055.4643137548996,0.658725275182424,18.253968253968253,-0.012256375430353732,-0.019788514710566894,-0.016061886548570003,-0.02129255078597139,0.4777600260189515,0.19576031656303,0.9311420247822401,1.0739500241478879,0.7747414112091064,,
0.0001,1e-05,0.001,0.02,0.005,0.05,2026-01-05 00:00:00+08:00,2026-07-15 00:00:00+08:00,191 days,127.0,6.0,100000.0,102596.4133,3463.0,0.0,2.5964133,0.05020367731824482,0.13517625937653457,8845.0,-5382.0,866.5867,8028.477,7.62133763644361,50.0,50.0,3.0,3.0,577.1666666666666,0.6554263520298167,3.8333333333333335,2948.3333333333335,3.2861239339135846,5.0,-1794.0,-1.9752712298539512,2.6666666666666665,5434.0,6.031746031746032,6.0,-3141.0,-3.338435048785154,2.0,1.0,2.0,0.3713941897031051,0.7158106599179178,1.643441099962839,0.03935396122337116,1.2756956544549913,0.020874766269403433,2055.4643137548996,0.658725275182424,18.253968253968253,-0.012256375430353732,-0.019788514710566894,-0.016061886548570003,-0.02129255078597139,0.4777600260189515,0.19576031656303,0.9311420247822401,1.0739500241478879,0.792332649230957,,
0.0001,1e-05,0.001,0.02,0.005,0.08,2026-01-05 00:00:00+08:00,2026-07-15 00:00:00+08:00,191 days,127.0,6.0,100000.0,102596.4133,3463.0,0.0,2.5964133,0.05020367731824482,0.13517625937653457,8845.0,-5382.0,866.5867,8028.477,7.62133763644361,50.0,50.0,3.0,3.0,577.1666666666666,0.6554263520298167,3.8333333333333335,2948.3333333333335,3.2861239339135846,5.0,-1794.0,-1.9752712298539512,2.6666666666666665,5434.0,6.031746031746032,6.0,-3141.0,-3.338435048785154,2.0,1.0,2.0,0.3713941897031051,0.7158106599179178,1.643441099962839,0.03935396122337116,1.2756956544549913,0.020874766269403433,2055.4643137548996,0.658725275182424,18.253968253968253,-0.012256375430353732,-0.019788514710566894,-0.016061886548570003,-0.02129255078597139,0.4777600260189515,0.19576031656303,0.9311420247822401,1.0739500241478879,0.6198222637176514,,
0.001,0.0001,0.01,0.02,0.005,0.03,2026-01-05 00:00:00+08:00,2026-07-15 00:00:00+08:00,191 days,127.0,6.0,100000.0,102596.4133,3463.0,0.0,2.5964133,0.05020367731824482,0.13517625937653457,8845.0,-5382.0,866.5867,8028.477,7.62133763644361,50.0,50.0,3.0,3.0,577.1666666666666,0.6554263520298167,3.8333333333333335,2948.3333333333335,3.2861239339135846,5.0,-1794.0,-1.9752712298539512,2.6666666666666665,5434.0,6.031746031746032,6.0,-3141.0,-3.338435048785154,2.0,1.0,2.0,0.3713941897031051,0.7158106599179178,1.643441099962839,0.03935396122337116,1.2756956544549913,0.020874766269403433,2055.4643137548996,0.658725275182424,18.253968253968253,-0.012256375430353732,-0.019788514710566894,-0.016061886548570003,-0.02129255078597139,0.4777600260189515,0.19576031656303,0.9311420247822401,1.0739500241478879,0.8006718158721924,,
0.001,0.0001,0.01,0.02,0.005,0.05,2026-01-05 00:00:00+08:00,2026-07-15 00:00:00+08:00,191 days,127.0,6.0,100000.0,102596.4133,3463.0,0.0,2.5964133,0.05020367731824482,0.13517625937653457,8845.0,-5382.0,866.5867,8028.477,7.62133763644361,50.0,50.0,3.0,3.0,577.1666666666666,0.6554263520298167,3.8333333333333335,2948.3333333333335,3.2861239339135846,5.0,-1794.0,-1.9752712298539512,2.6666666666666665,5434.0,6.031746031746032,6.0,-3141.0,-3.338435048785154,2.0,1.0,2.0,0.3713941897031051,0.7158106599179178,1.643441099962839,0.03935396122337116,1.2756956544549913,0.020874766269403433,2055.4643137548996,0.658725275182424,18.253968253968253,-0.012256375430353732,-0.019788514710566894,-0.016061886548570003,-0.02129255078597139,0.4777600260189515,0.19576031656303,0.9311420247822401,1.0739500241478879,0.6766858100891113,,
0.001,0.0001,0.01,0.02,0.005,0.08,2026-01-05 00:00:00+08:00,2026-07-15 00:00:00+08:00,191 days,127.0,6.0,100000.0,102596.4133,3463.0,0.0,2.5964133,0.05020367731824482,0.13517625937653457,8845.0,-5382.0,866.5867,8028.477,7.62133763644361,50.0,50.0,3.0,3.0,577.1666666666666,0.6554263520298167,3.8333333333333335,2948.3333333333335,3.2861239339135846,5.0,-1794.0,-1.9752712298539512,2.6666666666666665,5434.0,6.031746031746032,6.0,-3141.0,-3.338435048785154,2.0,1.0,2.0,0.3713941897031051,0.7158106599179178,1.643441099962839,0.03935396122337116,1.2756956544549913,0.020874766269403433,2055.4643137548996,0.658725275182424,18.253968253968253,-0.012256375430353732,-0.019788514710566894,-0.016061886548570003,-0.02129255078597139,0.4777600260189515,0.19576031656303,0.9311420247822401,1.0739500241478879,0.6852569580078125,,
1e-05,1e-06,0.01,0.02,0.01,0.03,2026-01-05 00:00:00+08:00,2026-07-15 00:00:00+08:00,191 days,127.0,4.0,100000.0,102307.3019,-5141.0,8030.0,2.3073019,0.04455550134700159,0.14608654760848408,1584.0,-6725.0,581.6981,10521.787,10.0375545027133,25.0,75.0,1.0,3.0,-1285.25,-1.4957656695740358,3.75,1584.0,1.7736571601330242,5.0,-2241.6666666666665,-2.585573279476389,3.3333333333333335,1584.0,1.7736571601330242,5.0,-2792.0,-3.338435048785154,2.0,1.0,3.0,0.3049938688838862,0.5809506253518564,0.23553903345724908,0.05639670805583042,0.7900372713757242,0.41008680130508046,2001.0564987111939,0.44388801410699763,18.253968253968253,-0.01278305843319497,-0.018145045191348772,-0.016758258705027482,-0.024090329851226413,-1.51126974733235,-0.811395202020202,0.915993524672377,1.0917107742193586,0.791851282119751,,
1e-05,1e-05,0.1,0.02,0.01,0.03,2026-01-05 00:00:00+08:00,2026-07-15 00:00:00+08:00,191 days,127.0,4.0,100000.0,102307.3019,-5141.0,8030.0,2.3073019,0.04455550134700159,0.14608654760848408,1584.0,-6725.0,581.6981,10521.787,10.0375545027133,25.0,75.0,1.0,3.0,-1285.25,-1.4957656695740358,3.75,1584.0,1.7736571601330242,5.0,-2241.6666666666665,-2.585573279476389,3.3333333333333335,1584.0,1.7736571601330242,5.0,-2792.0,-3.338435048785154,2.0,1.0,3.0,0.3049938688838862,0.5809506253518564,0.23553903345724908,0.05639670805583042,0.7900372713757242,0.41008680130508046,2001.0564987111939,0.44388801410699763,18.253968253968253,-0.01278305843319497,-0.018145045191348772,-0.016758258705027482,-0.024090329851226413,-1.51126974733235,-0.811395202020202,0.915993524672377,1.0917107742193586,0.6135644912719727,,
0.0001,1e-06,0.01,0.02,0.01,0.03,2026-01-05 00:00:00+08:00,2026-07-15 00:00:00+08:00,191 days,127.0,4.0,100000.0,102307.3019,-5141.0,8030.0,2.3073019,0.04455550134700159,0.14608654760848408,1584.0,-6725.0,581.6981,10521.787,10.0375545027133,25.0,75.0,1.0,3.0,-1285.25,-1.4957656695740358,3.75,1584.0,1.7736571601330242,5.0,-2241.6666666666665,-2.585573279476389,3.3333333333333335,1584.0,1.7736571601330242,5.0,-2792.0,-3.338435048785154,2.0,1.0,3.0,0.3049938688838862,0.5809506253518564,0.23553903345724908,0.05639670805583042,0.7900372713757242,0.41008680130508046,2001.0564987111939,0.44388801410699763,18.253968253968253,-0.01278305843319497,-0.018145045191348772,-0.016758258705027482,-0.024090329851226413,-1.51126974733235,-0.811395202020202,0.915993524672377,1.0917107742193586,0.660830020904541,,
0.0001,1e-05,0.1,0.02,0.01,0.03,2026-01-05 00:00:00+08:00,2026-07-15 00:00:00+08:00,191 days,127.0,4.0,100000.0,102307.3019,-5141.0,8030.0,2.3073019,0.04455550134700159,0.14608654760848408,1584.0,-6725.0,581.6981,10521.787,10.0375545027133,25.0,75.0,1.0,3.0,-1285.25,-1.4957656695740358,3.75,1584.0,1.7736571601330242,5.0,-2241.6666666666665,-2.585573279476389,3.3333333333333335,1584.0,1.7736571601330242,5.0,-2792.0,-3.338435048785154,2.0,1.0,3.0,0.3049938688838862,0.5809506253518564,0.23553903345724908,0.05639670805583042,0.7900372713757242,0.41008680130508046,2001.0564987111939,0.44388801410699763,18.253968253968253,-0.01278305843319497,-0.018145045191348772,-0.016758258705027482,-0.024090329851226413,-1.51126974733235,-0.811395202020202,0.915993524672377,1.0917107742193586,0.6289281845092773,,
0.001,1e-05,0.1,0.02,0.01,0.03,2026-01-05 00:00:00+08:00,2026-07-15 00:00:00+08:00,191 days,127.0,4.0,100000.0,102307.3019,-5141.0,8030.0,2.3073019,0.04455550134700159,0.14608654760848408,1584.0,-6725.0,581.6981,10521.787,10.0375545027133,25.0,75.0,1.0,3.0,-1285.25,-1.4957656695740358,3.75,1584.0,1.7736571601330242,5.0,-2241.6666666666665,-2.585573279476389,3.3333333333333335,1584.0,1.7736571601330242,5.0,-2792.0,-3.338435048785154,2.0,1.0,3.0,0.3049938688838862,0.5809506253518564,0.23553903345724908,0.05639670805583042,0.7900372713757242,0.41008680130508046,2001.0564987111939,0.44388801410699763,18.253968253968253,-0.01278305843319497,-0.018145045191348772,-0.016758258705027482,-0.024090329851226413,-1.51126974733235,-0.811395202020202,0.915993524672377,1.0917107742193586,0.6329152584075928,,
0.001,1e-05,0.001,0.02,0.01,0.03,2026-01-05 00:00:00+08:00,2026-07-15 00:00:00+08:00,191 days,127.0,3.0,100000.0,102214.4206,-558.0,3240.0,2.2144206,0.04274402346438522,0.14506944461360088,4284.0,-4842.0,467.5794,10818.7873,10.060880272502313,33.33333333333333,66.66666666666666,1.0,2.0,-186.0,-0.12548336491202114,6.333333333333333,4284.0,4.79693641035977,11.0,-2421.0,-2.586693252547917,4.0,4284.0,4.79693641035977,11.0,-3141.0,-3.338435048785154,2.0,1.0,2.0,0.29464525474841297,0.5034373788258063,0.8847583643122677,0.05296737194541222,0.8069878095601362,0.0640154577399279,2112.8576109997953,0.4248537136577418,20.634920634920633,-0.013061968142296461,-0.029210306429068657,-0.019450052168420155,-0.029636846105509006,-0.10020658707909272,-0.043417366946778835,0.9189518870763064,1.0881962527783173,0.5944604873657227,,
0.001,1e-05,0.001,0.02,0.01,0.05,2026-01-05 00:00:00+08:00,2026-07-15 00:00:00+08:00,191 days,127.0,3.0,100000.0,102214.4206,-558.0,3240.0,2.2144206,0.04274402346438522,0.14506944461360088,4284.0,-4842.0,467.5794,10818.7873,10.060880272502313,33.33333333333333,66.66666666666666,1.0,2.0,-186.0,-0.12548336491202114,6.333333333333333,4284.0,4.79693641035977,11.0,-2421.0,-2.586693252547917,4.0,4284.0,4.79693641035977,11.0,-3141.0,-3.338435048785154,2.0,1.0,2.0,0.29464525474841297,0.5034373788258063,0.8847583643122677,0.05296737194541222,0.8069878095601362,0.0640154577399279,2112.8576109997953,0.4248537136577418,20.634920634920633,-0.013061968142296461,-0.029210306429068657,-0.019450052168420155,-0.029636846105509006,-0.10020658707909272,-0.043417366946778835,0.9189518870763064,1.0881962527783173,0.6565673351287842,,
0.001,1e-05,0.001,0.02,0.01,0.08,2026-01-05 00:00:00+08:00,2026-07-15 00:00:00+08:00,191 days,127.0,3.0,100000.0,102214.4206,-558.0,3240.0,2.2144206,0.04274402346438522,0.14506944461360088,4284.0,-4842.0,467.5794,10818.7873,10.060880272502313,33.33333333333333,66.66666666666666,1.0,2.0,-186.0,-0.12548336491202114,6.333333333333333,4284.0,4.79693641035977,11.0,-2421.0,-2.586693252547917,4.0,4284.0,4.79693641035977,11.0,-3141.0,-3.338435048785154,2.0,1.0,2.0,0.29464525474841297,0.5034373788258063,0.8847583643122677,0.05296737194541222,0.8069878095601362,0.0640154577399279,2112.8576109997953,0.4248537136577418,20.634920634920633,-0.013061968142296461,-0.029210306429068657,-0.019450052168420155,-0.029636846105509006,-0.10020658707909272,-0.043417366946778835,0.9189518870763064,1.0881962527783173,0.6378347873687744,,
1e-05,0.0001,0.001,0.01,0.005,0.03,2026-01-05 00:00:00+08:00,2026-07-15 00:00:00+08:00,191 days,127.0,9.0,100000.0,102187.8606,3530.0,0.0,2.1878606,0.0422262954088648,0.15967478774814872,13267.0,-9737.0,1342.1394,10703.592,10.100805397902523,44.44444444444444,55.55555555555556,4.0,5.0,392.22222222222223,0.5133923249505233,3.3333333333333335,3316.75,3.7425279645265994,5.0,-1947.4,-2.069916186710337,2.0,7073.0,8.079919577783363,6.0,-4610.0,-5.032201724702544,3.0,1.0,2.0,0.26445186497111456,0.49730959991703755,1.3625346616000822,0.03920675224618852,1.077015896234298,0.00025007294421353077,2144.0623895540357,0.41804879656065125,23.809523809523807,-0.013539261539577758,-0.02213896784579466,-0.018189960990582288,-0.02336656037423866,0.3578032906800611,0.11825498521812677,0.9498715971647232,1.0527738727896543,0.6727273464202881,,
1e-05,0.0001,0.001,0.01,0.005,0.05,2026-01-05 00:00:00+08:00,2026-07-15 00:00:00+08:00,191 days,127.0,9.0,100000.0,102187.8606,3530.0,0.0,2.1878606,0.0422262954088648,0.15967478774814872,13267.0,-9737.0,1342.1394,10703.592,10.100805397902523,44.44444444444444,55.55555555555556,4.0,5.0,392.22222222222223,0.5133923249505233,3.3333333333333335,3316.75,3.7425279645265994,5.0,-1947.4,-2.069916186710337,2.0,7073.0,8.079919577783363,6.0,-4610.0,-5.032201724702544,3.0,1.0,2.0,0.26445186497111456,0.49730959991703755,1.3625346616000822,0.03920675224618852,1.077015896234298,0.00025007294421353077,2144.0623895540357,0.41804879656065125,23.809523809523807,-0.013539261539577758,-0.02213896784579466,-0.018189960990582288,-0.02336656037423866,0.3578032906800611,0.11825498521812677,0.9498715971647232,1.0527738727896543,0.7919137477874756,,
1e-05,0.0001,0.001,0.01,0.005,0.08,2026-01-05 00:00:00+08:00,2026-07-15 00:00:00+08:00,191 days,127.0,9.0,100000.0,102187.8606,3530.0,0.0,2.1878606,0.0422262954088648,0.15967478774814872,13267.0,-9737.0,1342.1394,10703.592,10.100805397902523,44.44444444444444,55.55555555555556,4.0,5.0,392.22222222222223,0.5133923249505233,3.3333333333333335,3316.75,3.7425279645265994,5.0,-1947.4,-2.069916186710337,2.0,7073.0,8.079919577783363,6.0,-4610.0,-5.032201724702544,3.0,1.0,2.0,0.26445186497111456,0.49730959991703755,1.3625346616000822,0.03920675224618852,1.077015896234298,0.00025007294421353077,2144.0623895540357,0.41804879656065125,23.809523809523807,-0.013539261539577758,-0.02213896784579466,-0.018189960990582288,-0.02336656037423866,0.3578032906800611,0.11825498521812677,0.9498715971647232,1.0527738727896543,0.7202122211456299,,
0.0001,0.0001,0.001,0.01,0.005,0.03,2026-01-05 00:00:00+08:00,2026-07-15 00:00:00+08:00,191 days,127.0,9.0,100000.0,102187.8606,3530.0,0.0,2.1878606,0.0422262954088648,0.15967478774814872,13267.0,-9737.0,1342.1394,10703.592,10.100805397902523,44.44444444444444,55.55555555555556,4.0,5.0,392.22222222222223,0.5133923249505233,3.3333333333333335,3316.75,3.7425279645265994,5.0,-1947.4,-2.069916186710337,2.0,7073.0,8.079919577783363,6.0,-4610.0,-5.032201724702544,3.0,1.0,2.0,0.26445186497111456,0.49730959991703755,1.3625346616000822,0.03920675224618852,1.077015896234298,0.00025007294421353077,2144.0623895540357,0.41804879656065125,23.809523809523807,-0.013539261539577758,-0.02213896784579466,-0.018189960990582288,-0.02336656037423866,0.3578032906800611,0.11825498521812677,0.9498715971647232,1.0527738727896543,0.6393935680389404,,
0.0001,0.0001,0.001,0.01,0.005,0.05,2026-01-05 00:00:00+08:00,2026-07-15 00:00:00+08:00,191 days,127.0,9.0,100000.0,102187.8606,3530.0,0.0,2.1878606,0.0422262954088648,0.15967478774814872,13267.0,-9737.0,1342.1394,10703.592,10.100805397902523,44.44444444444444,55.55555555555556,4.0,5.0,392.22222222222223,0.5133923249505233,3.3333333333333335,3316.75,3.7425279645265994,5.0,-1947.4,-2.069916186710337,2.0,7073.0,8.079919577783363,6.0,-4610.0,-5.032201724702544,3.0,1.0,2.0,0.26445186497111456,0.49730959991703755,1.3625346616000822,0.03920675224618852,1.077015896234298,0.00025007294421353077,2144.0623895540357,0.41804879656065125,23.809523809523807,-0.013539261539577758,-0.02213896784579466,-0.018189960990582288,-0.02336656037423866,0.3578032906800611,0.11825498521812677,0.9498715971647232,1.0527738727896543,0.6485936641693115,,
0.0001,0.0001,0.001,0.01,0.005,0.08,2026-01-05 00:00:00+08:00,2026-07-15 00:00:00+08:00,191 days,127.0,9.0,100000.0,102187.8606,3530.0,0.0,2.1878606,0.0422262954088648,0.15967478774814872,13267.0,-9737.0,1342.1394,10703.592,10.100805397902523,44.44444444444444,55.55555555555556,4.0,5.0,392.22222222222223,0.5133923249505233,3.3333333333333335,3316.75,3.7425279645265994,5.0,-1947.4,-2.069916186710337,2.0,7073.0,8.079919577783363,6.0,-4610.0,-5.032201724702544,3.0,1.0,2.0,0.26445186497111456,0.49730959991703755,1.3625346616000822,0.03920675224618852,1.077015896234298,0.00025007294421353077,2144.0623895540357,0.41804879656065125,23.809523809523807,-0.013539261539577758,-0.02213896784579466,-0.018189960990582288,-0.02336656037423866,0.3578032906800611,0.11825498521812677,0.9498715971647232,1.0527738727896543,0.7192492485046387,,
1e-05,1e-06,0.01,0.01,0.005,0.03,2026-01-05 00:00:00+08:00,2026-07-15 00:00:00+08:00,191 days,127.0,6.0,100000.0,102057.9074,-5096.0,8030.0,2.0579074,0.03969491425247962,0.15437628943087206,3231.0,-8327.0,876.0926,10771.1815,10.275471397098915,16.666666666666664,83.33333333333334,1.0,5.0,-849.3333333333334,-0.9634881260536724,3.3333333333333335,3231.0,3.617857502771339,4.0,-1665.4,-1.879757251818675,3.2,3231.0,3.617857502771339,4.0,-2792.0,-3.338435048785154,2.0,1.0,5.0,0.2571309000807054,0.46448540038006586,0.38801489131740124,0.057786456652773335,0.6869241782896988,0.42427131253011485,2095.216679500428,0.3863074764987106,22.22222222222222,-0.01308286362633304,-0.02354834709590987,-0.018696274791058908,-0.02682932314322954,-1.032755020727631,-0.2628701124522852,0.9458499476013459,1.0572501510794365,0.6035237312316895,,
1e-05,1e-06,0.01,0.01,0.005,0.05,2026-01-05 00:00:00+08:00,2026-07-15 00:00:00+08:00,191 days,127.0,6.0,100000.0,102057.9074,-5096.0,8030.0,2.0579074,0.03969491425247962,0.15437628943087206,3231.0,-8327.0,876.0926,10771.1815,10.275471397098915,16.666666666666664,83.33333333333334,1.0,5.0,-849.3333333333334,-0.9634881260536724,3.3333333333333335,3231.0,3.617857502771339,4.0,-1665.4,-1.879757251818675,3.2,3231.0,3.617857502771339,4.0,-2792.0,-3.338435048785154,2.0,1.0,5.0,0.2571309000807054,0.46448540038006586,0.38801489131740124,0.057786456652773335,0.6869241782896988,0.42427131253011485,2095.216679500428,0.3863074764987106,22.22222222222222,-0.01308286362633304,-0.02354834709590987,-0.018696274791058908,-0.02682932314322954,-1.032755020727631,-0.2628701124522852,0.9458499476013459,1.0572501510794365,0.5986945629119873,,
1e-05,1e-06,0.01,0.01,0.005,0.08,2026-01-05 00:00:00+08:00,2026-07-15 00:00:00+08:00,191 days,127.0,6.0,100000.0,102057.9074,-5096.0,8030.0,2.0579074,0.03969491425247962,0.15437628943087206,3231.0,-8327.0,876.0926,10771.1815,10.275471397098915,16.666666666666664,83.33333333333334,1.0,5.0,-849.3333333333334,-0.9634881260536724,3.3333333333333335,3231.0,3.617857502771339,4.0,-1665.4,-1.879757251818675,3.2,3231.0,3.617857502771339,4.0,-2792.0,-3.338435048785154,2.0,1.0,5.0,0.2571309000807054,0.46448540038006586,0.38801489131740124,0.057786456652773335,0.6869241782896988,0.42427131253011485,2095.216679500428,0.3863074764987106,22.22222222222222,-0.01308286362633304,-0.02354834709590987,-0.018696274791058908,-0.02682932314322954,-1.032755020727631,-0.2628701124522852,0.9458499476013459,1.0572501510794365,0.6981778144836426,,
1e-05,0.0001,0.001,0.02,0.01,0.03,2026-01-05 00:00:00+08:00,2026-07-15 00:00:00+08:00,191 days,127.0,7.0,100000.0,101908.5246,2954.0,0.0,1.9085246,0.0367886861800546,0.15135010246487,6722.0,-3768.0,1045.4754,6537.2485,6.162076725405704,57.14285714285714,42.857142857142854,4.0,3.0,422.0,0.4939789743931282,3.7142857142857144,1680.5,1.8499514117293856,5.25,-1256.0,-1.3139842753885487,1.6666666666666667,2508.0,2.723038337513436,3.0,-2400.0,-2.5,1.0,1.0,1.0,0.24307011082859128,0.45378059878963223,1.7839702760084926,0.03437000926498073,1.0703717271772235,0.07272739821433805,1391.302836673422,0.5970176584848101,20.634920634920633,-0.013575727052810927,-0.020530048854550387,-0.017719814922846487,-0.022617764411185855,0.6543407519485545,0.2511157393632847,0.9488140288403967,1.0539473169701767,0.6350677013397217,,
1e-05,0.0001,0.001,0.02,0.01,0.05,2026-01-05 00:00:00+08:00,2026-07-15 00:00:00+08:00,191 days,127.0,7.0,100000.0,101908.5246,2954.0,0.0,1.9085246,0.0367886861800546,0.15135010246487,6722.0,-3768.0,1045.4754,6537.2485,6.162076725405704,57.14285714285714,42.857142857142854,4.0,3.0,422.0,0.4939789743931282,3.7142857142857144,1680.5,1.8499514117293856,5.25,-1256.0,-1.3139842753885487,1.6666666666666667,2508.0,2.723038337513436,3.0,-2400.0,-2.5,1.0,1.0,1.0,0.24307011082859128,0.45378059878963223,1.7839702760084926,0.03437000926498073,1.0703717271772235,0.07272739821433805,1391.302836673422,0.5970176584848101,20.634920634920633,-0.013575727052810927,-0.020530048854550387,-0.017719814922846487,-0.022617764411185855,0.6543407519485545,0.2511157393632847,0.9488140288403967,1.0539473169701767,0.6869871616363525,,
1e-05,0.0001,0.001,0.02,0.01,0.08,2026-01-05 00:00:00+08:00,2026-07-15 00:00:00+08:00,191 days,127.0,7.0,100000.0,101908.5246,2954.0,0.0,1.9085246,0.0367886861800546,0.15135010246487,6722.0,-3768.0,1045.4754,6537.2485,6.162076725405704,57.14285714285714,42.857142857142854,4.0,3.0,422.0,0.4939789743931282,3.7142857142857144,1680.5,1.8499514117293856,5.25,-1256.0,-1.3139842753885487,1.6666666666666667,2508.0,2.723038337513436,3.0,-2400.0,-2.5,1.0,1.0,1.0,0.24307011082859128,0.45378059878963223,1.7839702760084926,0.03437000926498073,1.0703717271772235,0.07272739821433805,1391.302836673422,0.5970176584848101,20.634920634920633,-0.013575727052810927,-0.020530048854550387,-0.017719814922846487,-0.022617764411185855,0.6543407519485545,0.2511157393632847,0.9488140288403967,1.0539473169701767,0.7090752124786377,,
1e-05,1e-06,0.1,0.02,0.01,0.03,2026-01-05 00:00:00+08:00,2026-07-15 00:00:00+08:00,191 days,127.0,2.0,100000.0,101365.0393,-1557.0,3240.0,1.3650393,0.026247958450558828,0.11823457803660571,1584.0,-3141.0,317.9607,8959.1686,8.546850750875077,50.0,50.0,1.0,1.0,-778.5,-0.7823889443260649,3.5,1584.0,1.7736571601330242,5.0,-3141.0,-3.338435048785154,2.0,1584.0,1.7736571601330242,5.0,-3141.0,-3.338435048785154,2.0,1.0,1.0,0.22199900305334025,0.3888225174668638,0.504297994269341,0.043441355842110736,0.6042159122739639,0.3049287812347883,1264.5880583311782,0.30710678372231326,11.11111111111111,-0.010255116047003262,-0.020068630556788068,-0.016178528321596542,-0.025194190828987786,-0.46601704055341986,-0.4914772727272727,0.9267567599722131,1.0790317839494183,0.6568601131439209,,
1e-05,1e-06,0.1,0.02,0.01,0.05,2026-01-05 00:00:00+08:00,2026-07-15 00:00:00+08:00,191 days,127.0,2.0,100000.0,101365.0393,-1557.0,3240.0,1.3650393,0.026247958450558828,0.11823457803660571,1584.0,-3141.0,317.9607,8959.1686,8.546850750875077,50.0,50.0,1.0,1.0,-778.5,-0.7823889443260649,3.5,1584.0,1.7736571601330242,5.0,-3141.0,-3.338435048785154,2.0,1584.0,1.7736571601330242,5.0,-3141.0,-3.338435048785154,2.0,1.0,1.0,0.22199900305334025,0.3888225174668638,0.504297994269341,0.043441355842110736,0.6042159122739639,0.3049287812347883,1264.5880583311782,0.30710678372231326,11.11111111111111,-0.010255116047003262,-0.020068630556788068,-0.016178528321596542,-0.025194190828987786,-0.46601704055341986,-0.4914772727272727,0.9267567599722131,1.0790317839494183,0.7476482391357422,,
1e-05,1e-06,0.1,0.02,0.01,0.08,2026-01-05 00:00:00+08:00,2026-07-15 00:00:00+08:00,191 days,127.0,2.0,100000.0,101365.0393,-1557.0,3240.0,1.3650393,0.026247958450558828,0.11823457803660571,1584.0,-3141.0,317.9607,8959.1686,8.546850750875077,50.0,50.0,1.0,1.0,-778.5,-0.7823889443260649,3.5,1584.0,1.7736571601330242,5.0,-3141.0,-3.338435048785154,2.0,1584.0,1.7736571601330242,5.0,-3141.0,-3.338435048785154,2.0,1.0,1.0,0.22199900305334025,0.3888225174668638,0.504297994269341,0.043441355842110736,0.6042159122739639,0.3049287812347883,1264.5880583311782,0.30710678372231326,11.11111111111111,-0.010255116047003262,-0.020068630556788068,-0.016178528321596542,-0.025194190828987786,-0.46601704055341986,-0.4914772727272727,0.9267567599722131,1.0790317839494183,0.6962676048278809,,
1e-05,1e-06,0.1,0.03,0.01,0.03,2026-01-05 00:00:00+08:00,2026-07-15 00:00:00+08:00,191 days,127.0,2.0,100000.0,101365.0393,-1557.0,3240.0,1.3650393,0.026247958450558828,0.11823457803660571,1584.0,-3141.0,317.9607,8959.1686,8.546850750875077,50.0,50.0,1.0,1.0,-778.5,-0.7823889443260649,3.5,1584.0,1.7736571601330242,5.0,-3141.0,-3.338435048785154,2.0,1584.0,1.7736571601330242,5.0,-3141.0,-3.338435048785154,2.0,1.0,1.0,0.22199900305334025,0.3888225174668638,0.504297994269341,0.043441355842110736,0.6042159122739639,0.3049287812347883,1264.5880583311782,0.30710678372231326,11.11111111111111,-0.010255116047003262,-0.020068630556788068,-0.016178528321596542,-0.025194190828987786,-0.46601704055341986,-0.4914772727272727,0.9267567599722131,1.0790317839494183,0.6750140190124512,,
1e-05,1e-06,0.1,0.03,0.01,0.05,2026-01-05 00:00:00+08:00,2026-07-15 00:00:00+08:00,191 days,127.0,2.0,100000.0,101365.0393,-1557.0,3240.0,1.3650393,0.026247958450558828,0.11823457803660571,1584.0,-3141.0,317.9607,8959.1686,8.546850750875077,50.0,50.0,1.0,1.0,-778.5,-0.7823889443260649,3.5,1584.0,1.7736571601330242,5.0,-3141.0,-3.338435048785154,2.0,1584.0,1.7736571601330242,5.0,-3141.0,-3.338435048785154,2.0,1.0,1.0,0.22199900305334025,0.3888225174668638,0.504297994269341,0.043441355842110736,0.6042159122739639,0.3049287812347883,1264.5880583311782,0.30710678372231326,11.11111111111111,-0.010255116047003262,-0.020068630556788068,-0.016178528321596542,-0.025194190828987786,-0.46601704055341986,-0.4914772727272727,0.9267567599722131,1.0790317839494183,0.7412965297698975,,
1e-05,1e-06,0.1,0.03,0.01,0.08,2026-01-05 00:00:00+08:00,2026-07-15 00:00:00+08:00,191 days,127.0,2.0,100000.0,101365.0393,-1557.0,3240.0,1.3650393,0.026247958450558828,0.11823457803660571,1584.0,-3141.0,317.9607,8959.1686,8.546850750875077,50.0,50.0,1.0,1.0,-778.5,-0.7823889443260649,3.5,1584.0,1.7736571601330242,5.0,-3141.0,-3.338435048785154,2.0,1584.0,1.7736571601330242,5.0,-3141.0,-3.338435048785154,2.0,1.0,1.0,0.22199900305334025,0.3888225174668638,0.504297994269341,0.043441355842110736,0.6042159122739639,0.3049287812347883,1264.5880583311782,0.30710678372231326,11.11111111111111,-0.010255116047003262,-0.020068630556788068,-0.016178528321596542,-0.025194190828987786,-0.46601704055341986,-0.4914772727272727,0.9267567599722131,1.0790317839494183,0.8680019378662109,,
0.0001,1e-06,0.1,0.02,0.01,0.03,2026-01-05 00:00:00+08:00,2026-07-15 00:00:00+08:00,191 days,127.0,2.0,100000.0,101365.0393,-1557.0,3240.0,1.3650393,0.026247958450558828,0.11823457803660571,1584.0,-3141.0,317.9607,8959.1686,8.546850750875077,50.0,50.0,1.0,1.0,-778.5,-0.7823889443260649,3.5,1584.0,1.7736571601330242,5.0,-3141.0,-3.338435048785154,2.0,1584.0,1.7736571601330242,5.0,-3141.0,-3.338435048785154,2.0,1.0,1.0,0.22199900305334025,0.3888225174668638,0.504297994269341,0.043441355842110736,0.6042159122739639,0.3049287812347883,1264.5880583311782,0.30710678372231326,11.11111111111111,-0.010255116047003262,-0.020068630556788068,-0.016178528321596542,-0.025194190828987786,-0.46601704055341986,-0.4914772727272727,0.9267567599722131,1.0790317839494183,0.6233479976654053,,
0.0001,1e-06,0.1,0.02,0.01,0.05,2026-01-05 00:00:00+08:00,2026-07-15 00:00:00+08:00,191 days,127.0,2.0,100000.0,101365.0393,-1557.0,3240.0,1.3650393,0.026247958450558828,0.11823457803660571,1584.0,-3141.0,317.9607,8959.1686,8.546850750875077,50.0,50.0,1.0,1.0,-778.5,-0.7823889443260649,3.5,1584.0,1.7736571601330242,5.0,-3141.0,-3.338435048785154,2.0,1584.0,1.7736571601330242,5.0,-3141.0,-3.338435048785154,2.0,1.0,1.0,0.22199900305334025,0.3888225174668638,0.504297994269341,0.043441355842110736,0.6042159122739639,0.3049287812347883,1264.5880583311782,0.30710678372231326,11.11111111111111,-0.010255116047003262,-0.020068630556788068,-0.016178528321596542,-0.025194190828987786,-0.46601704055341986,-0.4914772727272727,0.9267567599722131,1.0790317839494183,0.587268590927124,,
0.0001,1e-06,0.1,0.02,0.01,0.08,2026-01-05 00:00:00+08:00,2026-07-15 00:00:00+08:00,191 days,127.0,2.0,100000.0,101365.0393,-1557.0,3240.0,1.3650393,0.026247958450558828,0.11823457803660571,1584.0,-3141.0,317.9607,8959.1686,8.546850750875077,50.0,50.0,1.0,1.0,-778.5,-0.7823889443260649,3.5,1584.0,1.7736571601330242,5.0,-3141.0,-3.338435048785154,2.0,1584.0,1.7736571601330242,5.0,-3141.0,-3.338435048785154,2.0,1.0,1.0,0.22199900305334025,0.3888225174668638,0.504297994269341,0.043441355842110736,0.6042159122739639,0.3049287812347883,1264.5880583311782,0.30710678372231326,11.11111111111111,-0.010255116047003262,-0.020068630556788068,-0.016178528321596542,-0.025194190828987786,-0.46601704055341986,-0.4914772727272727,0.9267567599722131,1.0790317839494183,0.5971894264221191,,
0.0001,1e-06,0.1,0.03,0.01,0.03,2026-01-05 00:00:00+08:00,2026-07-15 00:00:00+08:00,191 days,127.0,2.0,100000.0,101365.0393,-1557.0,3240.0,1.3650393,0.026247958450558828,0.11823457803660571,1584.0,-3141.0,317.9607,8959.1686,8.546850750875077,50.0,50.0,1.0,1.0,-778.5,-0.7823889443260649,3.5,1584.0,1.7736571601330242,5.0,-3141.0,-3.338435048785154,2.0,1584.0,1.7736571601330242,5.0,-3141.0,-3.338435048785154,2.0,1.0,1.0,0.22199900305334025,0.3888225174668638,0.504297994269341,0.043441355842110736,0.6042159122739639,0.3049287812347883,1264.5880583311782,0.30710678372231326,11.11111111111111,-0.010255116047003262,-0.020068630556788068,-0.016178528321596542,-0.025194190828987786,-0.46601704055341986,-0.4914772727272727,0.9267567599722131,1.0790317839494183,0.5680367946624756,,
0.0001,1e-06,0.1,0.03,0.01,0.05,2026-01-05 00:00:00+08:00,2026-07-15 00:00:00+08:00,191 days,127.0,2.0,100000.0,101365.0393,-1557.0,3240.0,1.3650393,0.026247958450558828,0.11823457803660571,1584.0,-3141.0,317.9607,8959.1686,8.546850750875077,50.0,50.0,1.0,1.0,-778.5,-0.7823889443260649,3.5,1584.0,1.7736571601330242,5.0,-3141.0,-3.338435048785154,2.0,1584.0,1.7736571601330242,5.0,-3141.0,-3.338435048785154,2.0,1.0,1.0,0.22199900305334025,0.3888225174668638,0.504297994269341,0.043441355842110736,0.6042159122739639,0.3049287812347883,1264.5880583311782,0.30710678372231326,11.11111111111111,-0.010255116047003262,-0.020068630556788068,-0.016178528321596542,-0.025194190828987786,-0.46601704055341986,-0.4914772727272727,0.9267567599722131,1.0790317839494183,0.5852210521697998,,
0.0001,1e-06,0.1,0.03,0.01,0.08,2026-01-05 00:00:00+08:00,2026-07-15 00:00:00+08:00,191 days,127.0,2.0,100000.0,101365.0393,-1557.0,3240.0,1.3650393,0.026247958450558828,0.11823457803660571,1584.0,-3141.0,317.9607,8959.1686,8.546850750875077,50.0,50.0,1.0,1.0,-778.5,-0.7823889443260649,3.5,1584.0,1.7736571601330242,5.0,-3141.0,-3.338435048785154,2.0,1584.0,1.7736571601330242,5.0,-3141.0,-3.338435048785154,2.0,1.0,1.0,0.22199900305334025,0.3888225174668638,0.504297994269341,0.043441355842110736,0.6042159122739639,0.3049287812347883,1264.5880583311782,0.30710678372231326,11.11111111111111,-0.010255116047003262,-0.020068630556788068,-0.016178528321596542,-0.025194190828987786,-0.46601704055341986,-0.4914772727272727,0.9267567599722131,1.0790317839494183,0.5833942890167236,,
0.001,1e-06,0.1,0.02,0.01,0.03,2026-01-05 00:00:00+08:00,2026-07-15 00:00:00+08:00,191 days,127.0,2.0,100000.0,101365.0393,-1557.0,3240.0,1.3650393,0.026247958450558828,0.11823457803660571,1584.0,-3141.0,317.9607,8959.1686,8.546850750875077,50.0,50.0,1.0,1.0,-778.5,-0.7823889443260649,3.5,1584.0,1.7736571601330242,5.0,-3141.0,-3.338435048785154,2.0,1584.0,1.7736571601330242,5.0,-3141.0,-3.338435048785154,2.0,1.0,1.0,0.22199900305334025,0.3888225174668638,0.504297994269341,0.043441355842110736,0.6042159122739639,0.3049287812347883,1264.5880583311782,0.30710678372231326,11.11111111111111,-0.010255116047003262,-0.020068630556788068,-0.016178528321596542,-0.025194190828987786,-0.46601704055341986,-0.4914772727272727,0.9267567599722131,1.0790317839494183,0.5903165340423584,,
0.001,1e-06,0.1,0.02,0.01,0.05,2026-01-05 00:00:00+08:00,2026-07-15 00:00:00+08:00,191 days,127.0,2.0,100000.0,101365.0393,-1557.0,3240.0,1.3650393,0.026247958450558828,0.11823457803660571,1584.0,-3141.0,317.9607,8959.1686,8.546850750875077,50.0,50.0,1.0,1.0,-778.5,-0.7823889443260649,3.5,1584.0,1.7736571601330242,5.0,-3141.0,-3.338435048785154,2.0,1584.0,1.7736571601330242,5.0,-3141.0,-3.338435048785154,2.0,1.0,1.0,0.22199900305334025,0.3888225174668638,0.504297994269341,0.043441355842110736,0.6042159122739639,0.3049287812347883,1264.5880583311782,0.30710678372231326,11.11111111111111,-0.010255116047003262,-0.020068630556788068,-0.016178528321596542,-0.025194190828987786,-0.46601704055341986,-0.4914772727272727,0.9267567599722131,1.0790317839494183,0.6057205200195312,,
0.001,1e-06,0.1,0.02,0.01,0.08,2026-01-05 00:00:00+08:00,2026-07-15 00:00:00+08:00,191 days,127.0,2.0,100000.0,101365.0393,-1557.0,3240.0,1.3650393,0.026247958450558828,0.11823457803660571,1584.0,-3141.0,317.9607,8959.1686,8.546850750875077,50.0,50.0,1.0,1.0,-778.5,-0.7823889443260649,3.5,1584.0,1.7736571601330242,5.0,-3141.0,-3.338435048785154,2.0,1584.0,1.7736571601330242,5.0,-3141.0,-3.338435048785154,2.0,1.0,1.0,0.22199900305334025,0.3888225174668638,0.504297994269341,0.043441355842110736,0.6042159122739639,0.3049287812347883,1264.5880583311782,0.30710678372231326,11.11111111111111,-0.010255116047003262,-0.020068630556788068,-0.016178528321596542,-0.025194190828987786,-0.46601704055341986,-0.4914772727272727,0.9267567599722131,1.0790317839494183,0.6332998275756836,,
0.001,1e-06,0.001,0.02,0.005,0.03,2026-01-05 00:00:00+08:00,2026-07-15 00:00:00+08:00,191 days,127.0,2.0,100000.0,101137.4442,1438.0,0.0,1.1374442,0.021849078645593822,0.10123566731581851,3231.0,-1793.0,300.5558,4255.511,4.059664351634943,50.0,50.0,1.0,1.0,719.0,0.8882328634507396,5.0,3231.0,3.617857502771339,4.0,-1793.0,-1.84139177586986,6.0,3231.0,3.617857502771339,4.0,-1793.0,-1.84139177586986,6.0,1.0,1.0,0.21582392080681043,0.38053298765588206,1.8020078081427775,0.01486652513828306,1.4696829583484752,0.5144354611427732,1046.7090438016182,0.5381991404485096,7.936507936507936,-0.0016009749940173634,-0.01502515527236338,-0.012159183046998884,-0.023379574276387663,0.40478485324293606,0.22253172392448162,0.9457150315354552,1.0574009787878786,0.579970121383667,,
0.001,1e-06,0.001,0.02,0.005,0.05,2026-01-05 00:00:00+08:00,2026-07-15 00:00:00+08:00,191 days,127.0,2.0,100000.0,101137.4442,1438.0,0.0,1.1374442,0.021849078645593822,0.10123566731581851,3231.0,-1793.0,300.5558,4255.511,4.059664351634943,50.0,50.0,1.0,1.0,719.0,0.8882328634507396,5.0,3231.0,3.617857502771339,4.0,-1793.0,-1.84139177586986,6.0,3231.0,3.617857502771339,4.0,-1793.0,-1.84139177586986,6.0,1.0,1.0,0.21582392080681043,0.38053298765588206,1.8020078081427775,0.01486652513828306,1.4696829583484752,0.5144354611427732,1046.7090438016182,0.5381991404485096,7.936507936507936,-0.0016009749940173634,-0.01502515527236338,-0.012159183046998884,-0.023379574276387663,0.40478485324293606,0.22253172392448162,0.9457150315354552,1.0574009787878786,0.6841514110565186,,
0.001,1e-06,0.001,0.02,0.005,0.08,2026-01-05 00:00:00+08:00,2026-07-15 00:00:00+08:00,191 days,127.0,2.0,100000.0,101137.4442,1438.0,0.0,1.1374442,0.021849078645593822,0.10123566731581851,3231.0,-1793.0,300.5558,4255.511,4.059664351634943,50.0,50.0,1.0,1.0,719.0,0.8882328634507396,5.0,3231.0,3.617857502771339,4.0,-1793.0,-1.84139177586986,6.0,3231.0,3.617857502771339,4.0,-1793.0,-1.84139177586986,6.0,1.0,1.0,0.21582392080681043,0.38053298765588206,1.8020078081427775,0.01486652513828306,1.4696829583484752,0.5144354611427732,1046.7090438016182,0.5381991404485096,7.936507936507936,-0.0016009749940173634,-0.01502515527236338,-0.012159183046998884,-0.023379574276387663,0.40478485324293606,0.22253172392448162,0.9457150315354552,1.0574009787878786,0.6590096950531006,,
1e-05,1e-06,0.1,0.01,0.005,0.03,2026-01-05 00:00:00+08:00,2026-07-15 00:00:00+08:00,191 days,127.0,4.0,100000.0,101024.6701,-1593.0,3240.0,1.0246701,0.0196727573780191,0.12655855215731066,3231.0,-4824.0,622.3299,9299.5378,8.871555517854764,25.0,75.0,1.0,3.0,-398.25,-0.3625056518636801,3.25,3231.0,3.617857502771339,4.0,-1608.0,-1.6892933700753534,3.0,3231.0,3.617857502771339,4.0,-3141.0,-3.338435048785154,2.0,1.0,3.0,0.15544391937706523,0.26654958648582733,0.6697761194029851,0.04521145049147242,0.4351277644084807,0.3302656390859652,1425.6429328236638,0.22175093576798333,15.873015873015872,-0.01322250257841641,-0.020137166592860824,-0.017702403908826922,-0.025280440631762453,-0.337762426737421,-0.12325905292479106,0.9458499476013459,1.0572501510794365,0.7261769771575928,,
1e-05,1e-06,0.1,0.01,0.005,0.05,2026-01-05 00:00:00+08:00,2026-07-15 00:00:00+08:00,191 days,127.0,4.0,100000.0,101024.6701,-1593.0,3240.0,1.0246701,0.0196727573780191,0.12655855215731066,3231.0,-4824.0,622.3299,9299.5378,8.871555517854764,25.0,75.0,1.0,3.0,-398.25,-0.3625056518636801,3.25,3231.0,3.617857502771339,4.0,-1608.0,-1.6892933700753534,3.0,3231.0,3.617857502771339,4.0,-3141.0,-3.338435048785154,2.0,1.0,3.0,0.15544391937706523,0.26654958648582733,0.6697761194029851,0.04521145049147242,0.4351277644084807,0.3302656390859652,1425.6429328236638,0.22175093576798333,15.873015873015872,-0.01322250257841641,-0.020137166592860824,-0.017702403908826922,-0.025280440631762453,-0.337762426737421,-0.12325905292479106,0.9458499476013459,1.0572501510794365,0.7171247005462646,,
1e-05,1e-06,0.1,0.01,0.005,0.08,2026-01-05 00:00:00+08:00,2026-07-15 00:00:00+08:00,191 days,127.0,4.0,100000.0,101024.6701,-1593.0,3240.0,1.0246701,0.0196727573780191,0.12655855215731066,3231.0,-4824.0,622.3299,9299.5378,8.871555517854764,25.0,75.0,1.0,3.0,-398.25,-0.3625056518636801,3.25,3231.0,3.617857502771339,4.0,-1608.0,-1.6892933700753534,3.0,3231.0,3.617857502771339,4.0,-3141.0,-3.338435048785154,2.0,1.0,3.0,0.15544391937706523,0.26654958648582733,0.6697761194029851,0.04521145049147242,0.4351277644084807,0.3302656390859652,1425.6429328236638,0.22175093576798333,15.873015873015872,-0.01322250257841641,-0.020137166592860824,-0.017702403908826922,-0.025280440631762453,-0.337762426737421,-0.12325905292479106,0.9458499476013459,1.0572501510794365,0.698310136795044,,
0.0001,1e-06,0.1,0.01,0.005,0.03,2026-01-05 00:00:00+08:00,2026-07-15 00:00:00+08:00,191 days,127.0,4.0,100000.0,101024.6701,-1593.0,3240.0,1.0246701,0.0196727573780191,0.12655855215731066,3231.0,-4824.0,622.3299,9299.5378,8.871555517854764,25.0,75.0,1.0,3.0,-398.25,-0.3625056518636801,3.25,3231.0,3.617857502771339,4.0,-1608.0,-1.6892933700753534,3.0,3231.0,3.617857502771339,4.0,-3141.0,-3.338435048785154,2.0,1.0,3.0,0.15544391937706523,0.26654958648582733,0.6697761194029851,0.04521145049147242,0.4351277644084807,0.3302656390859652,1425.6429328236638,0.22175093576798333,15.873015873015872,-0.01322250257841641,-0.020137166592860824,-0.017702403908826922,-0.025280440631762453,-0.337762426737421,-0.12325905292479106,0.9458499476013459,1.0572501510794365,0.6364743709564209,,
0.0001,1e-06,0.1,0.01,0.005,0.05,2026-01-05 00:00:00+08:00,2026-07-15 00:00:00+08:00,191 days,127.0,4.0,100000.0,101024.6701,-1593.0,3240.0,1.0246701,0.0196727573780191,0.12655855215731066,3231.0,-4824.0,622.3299,9299.5378,8.871555517854764,25.0,75.0,1.0,3.0,-398.25,-0.3625056518636801,3.25,3231.0,3.617857502771339,4.0,-1608.0,-1.6892933700753534,3.0,3231.0,3.617857502771339,4.0,-3141.0,-3.338435048785154,2.0,1.0,3.0,0.15544391937706523,0.26654958648582733,0.6697761194029851,0.04521145049147242,0.4351277644084807,0.3302656390859652,1425.6429328236638,0.22175093576798333,15.873015873015872,-0.01322250257841641,-0.020137166592860824,-0.017702403908826922,-0.025280440631762453,-0.337762426737421,-0.12325905292479106,0.9458499476013459,1.0572501510794365,0.6873626708984375,,
0.0001,1e-06,0.1,0.01,0.005,0.08,2026-01-05 00:00:00+08:00,2026-07-15 00:00:00+08:00,191 days,127.0,4.0,100000.0,101024.6701,-1593.0,3240.0,1.0246701,0.0196727573780191,0.12655855215731066,3231.0,-4824.0,622.3299,9299.5378,8.871555517854764,25.0,75.0,1.0,3.0,-398.25,-0.3625056518636801,3.25,3231.0,3.617857502771339,4.0,-1608.0,-1.6892933700753534,3.0,3231.0,3.617857502771339,4.0,-3141.0,-3.338435048785154,2.0,1.0,3.0,0.15544391937706523,0.26654958648582733,0.6697761194029851,0.04521145049147242,0.4351277644084807,0.3302656390859652,1425.6429328236638,0.22175093576798333,15.873015873015872,-0.01322250257841641,-0.020137166592860824,-0.017702403908826922,-0.025280440631762453,-0.337762426737421,-0.12325905292479106,0.9458499476013459,1.0572501510794365,0.5673003196716309,,
0.001,0.0001,0.001,0.02,0.005,0.03,2026-01-05 00:00:00+08:00,2026-07-15 00:00:00+08:00,191 days,127.0,6.0,100000.0,100857.1639,1725.0,0.0,0.8571639000000001,0.01644429582229634,0.12477569018245663,6441.0,-4716.0,867.8361,6842.3094,6.495322855183107,50.0,50.0,3.0,3.0,287.5,0.3135856525980541,2.8333333333333335,2147.0,2.3660591312276114,3.6666666666666665,-1572.0,-1.738887826031503,2.0,3231.0,3.617857502771339,4.0,-2556.0,-2.7166634780945094,1.0,2.0,3.0,0.13179086245285618,0.26171161052696207,1.3657760814249365,0.03404132184299437,0.48306866278991284,0.005138060357805285,1732.7837800677967,0.25317133865292313,13.492063492063492,-0.012110567497849964,-0.015036723423541823,-0.014953096329094518,-0.018782883026590654,0.3264316758850547,0.13390777829529577,0.9385727245509998,1.0654475394843657,0.6478769779205322,,
0.001,0.0001,0.001,0.02,0.005,0.05,2026-01-05 00:00:00+08:00,2026-07-15 00:00:00+08:00,191 days,127.0,6.0,100000.0,100857.1639,1725.0,0.0,0.8571639000000001,0.01644429582229634,0.12477569018245663,6441.0,-4716.0,867.8361,6842.3094,6.495322855183107,50.0,50.0,3.0,3.0,287.5,0.3135856525980541,2.8333333333333335,2147.0,2.3660591312276114,3.6666666666666665,-1572.0,-1.738887826031503,2.0,3231.0,3.617857502771339,4.0,-2556.0,-2.7166634780945094,1.0,2.0,3.0,0.13179086245285618,0.26171161052696207,1.3657760814249365,0.03404132184299437,0.48306866278991284,0.005138060357805285,1732.7837800677967,0.25317133865292313,13.492063492063492,-0.012110567497849964,-0.015036723423541823,-0.014953096329094518,-0.018782883026590654,0.3264316758850547,0.13390777829529577,0.9385727245509998,1.0654475394843657,0.6466696262359619,,
0.001,0.0001,0.001,0.02,0.005,0.08,2026-01-05 00:00:00+08:00,2026-07-15 00:00:00+08:00,191 days,127.0,6.0,100000.0,100857.1639,1725.0,0.0,0.8571639000000001,0.01644429582229634,0.12477569018245663,6441.0,-4716.0,867.8361,6842.3094,6.495322855183107,50.0,50.0,3.0,3.0,287.5,0.3135856525980541,2.8333333333333335,2147.0,2.3660591312276114,3.6666666666666665,-1572.0,-1.738887826031503,2.0,3231.0,3.617857502771339,4.0,-2556.0,-2.7166634780945094,1.0,2.0,3.0,0.13179086245285618,0.26171161052696207,1.3657760814249365,0.03404132184299437,0.48306866278991284,0.005138060357805285,1732.7837800677967,0.25317133865292313,13.492063492063492,-0.012110567497849964,-0.015036723423541823,-0.014953096329094518,-0.018782883026590654,0.3264316758850547,0.13390777829529577,0.9385727245509998,1.0654475394843657,0.9013388156890869,,
0.001,0.0001,0.001,0.03,0.005,0.03,2026-01-05 00:00:00+08:00,2026-07-15 00:00:00+08:00,191 days,127.0,6.0,100000.0,100857.1639,1725.0,0.0,0.8571639000000001,0.01644429582229634,0.12477569018245663,6441.0,-4716.0,867.8361,6842.3094,6.495322855183107,50.0,50.0,3.0,3.0,287.5,0.3135856525980541,2.8333333333333335,2147.0,2.3660591312276114,3.6666666666666665,-1572.0,-1.738887826031503,2.0,3231.0,3.617857502771339,4.0,-2556.0,-2.7166634780945094,1.0,2.0,3.0,0.13179086245285618,0.26171161052696207,1.3657760814249365,0.03404132184299437,0.48306866278991284,0.005138060357805285,1732.7837800677967,0.25317133865292313,13.492063492063492,-0.012110567497849964,-0.015036723423541823,-0.014953096329094518,-0.018782883026590654,0.3264316758850547,0.13390777829529577,0.9385727245509998,1.0654475394843657,0.7028775215148926,,
0.001,0.0001,0.001,0.03,0.005,0.05,2026-01-05 00:00:00+08:00,2026-07-15 00:00:00+08:00,191 days,127.0,6.0,100000.0,100857.1639,1725.0,0.0,0.8571639000000001,0.01644429582229634,0.12477569018245663,6441.0,-4716.0,867.8361,6842.3094,6.495322855183107,50.0,50.0,3.0,3.0,287.5,0.3135856525980541,2.8333333333333335,2147.0,2.3660591312276114,3.6666666666666665,-1572.0,-1.738887826031503,2.0,3231.0,3.617857502771339,4.0,-2556.0,-2.7166634780945094,1.0,2.0,3.0,0.13179086245285618,0.26171161052696207,1.3657760814249365,0.03404132184299437,0.48306866278991284,0.005138060357805285,1732.7837800677967,0.25317133865292313,13.492063492063492,-0.012110567497849964,-0.015036723423541823,-0.014953096329094518,-0.018782883026590654,0.3264316758850547,0.13390777829529577,0.9385727245509998,1.0654475394843657,0.7281098365783691,,
0.001,0.0001,0.001,0.03,0.005,0.08,2026-01-05 00:00:00+08:00,2026-07-15 00:00:00+08:00,191 days,127.0,6.0,100000.0,100857.1639,1725.0,0.0,0.8571639000000001,0.01644429582229634,0.12477569018245663,6441.0,-4716.0,867.8361,6842.3094,6.495322855183107,50.0,50.0,3.0,3.0,287.5,0.3135856525980541,2.8333333333333335,2147.0,2.3660591312276114,3.6666666666666665,-1572.0,-1.738887826031503,2.0,3231.0,3.617857502771339,4.0,-2556.0,-2.7166634780945094,1.0,2.0,3.0,0.13179086245285618,0.26171161052696207,1.3657760814249365,0.03404132184299437,0.48306866278991284,0.005138060357805285,1732.7837800677967,0.25317133865292313,13.492063492063492,-0.012110567497849964,-0.015036723423541823,-0.014953096329094518,-0.018782883026590654,0.3264316758850547,0.13390777829529577,0.9385727245509998,1.0654475394843657,0.6958017349243164,,
0.0001,1e-06,0.001,0.01,0.005,0.03,2026-01-05 00:00:00+08:00,2026-07-15 00:00:00+08:00,191 days,127.0,7.0,100000.0,101045.607,-7794.0,9860.0,1.045607,0.020076631704287973,0.1630668510168424,3411.0,-11205.0,1020.393,13614.0309,12.987487501920821,28.57142857142857,71.42857142857143,2.0,5.0,-1113.4285714285713,-1.265255628323888,3.2857142857142856,1705.5,1.9133128849973609,4.5,-2241.0,-2.536683033652388,2.8,3231.0,3.617857502771339,4.0,-4149.0,-5.032201724702544,3.0,1.0,3.0,0.1231190249832834,0.21562282679764894,0.30441767068273096,0.05819477574822357,0.3449902752636833,0.4119432556705811,2346.0866337152133,0.15458441597205527,25.396825396825395,-0.01502515527236338,-0.02320453742645829,-0.020081661105972568,-0.026810918240848993,-1.291336246684929,-0.6528458349038824,0.9458499476013459,1.0572501510794365,0.5939350128173828,,
0.0001,1e-06,0.001,0.01,0.005,0.05,2026-01-05 00:00:00+08:00,2026-07-15 00:00:00+08:00,191 days,127.0,7.0,100000.0,101045.607,-7794.0,9860.0,1.045607,0.020076631704287973,0.1630668510168424,3411.0,-11205.0,1020.393,13614.0309,12.987487501920821,28.57142857142857,71.42857142857143,2.0,5.0,-1113.4285714285713,-1.265255628323888,3.2857142857142856,1705.5,1.9133128849973609,4.5,-2241.0,-2.536683033652388,2.8,3231.0,3.617857502771339,4.0,-4149.0,-5.032201724702544,3.0,1.0,3.0,0.1231190249832834,0.21562282679764894,0.30441767068273096,0.05819477574822357,0.3449902752636833,0.4119432556705811,2346.0866337152133,0.15458441597205527,25.396825396825395,-0.01502515527236338,-0.02320453742645829,-0.020081661105972568,-0.026810918240848993,-1.291336246684929,-0.6528458349038824,0.9458499476013459,1.0572501510794365,0.6391308307647705,,
0.0001,1e-06,0.001,0.01,0.005,0.08,2026-01-05 00:00:00+08:00,2026-07-15 00:00:00+08:00,191 days,127.0,7.0,100000.0,101045.607,-7794.0,9860.0,1.045607,0.020076631704287973,0.1630668510168424,3411.0,-11205.0,1020.393,13614.0309,12.987487501920821,28.57142857142857,71.42857142857143,2.0,5.0,-1113.4285714285713,-1.265255628323888,3.2857142857142856,1705.5,1.9133128849973609,4.5,-2241.0,-2.536683033652388,2.8,3231.0,3.617857502771339,4.0,-4149.0,-5.032201724702544,3.0,1.0,3.0,0.1231190249832834,0.21562282679764894,0.30441767068273096,0.05819477574822357,0.3449902752636833,0.4119432556705811,2346.0866337152133,0.15458441597205527,25.396825396825395,-0.01502515527236338,-0.02320453742645829,-0.020081661105972568,-0.026810918240848993,-1.291336246684929,-0.6528458349038824,0.9458499476013459,1.0572501510794365,0.6943366527557373,,
0.001,1e-05,0.01,0.01,0.005,0.03,2026-01-05 00:00:00+08:00,2026-07-15 00:00:00+08:00,191 days,127.0,7.0,100000.0,101045.607,-7794.0,9860.0,1.045607,0.020076631704287973,0.1630668510168424,3411.0,-11205.0,1020.393,13614.0309,12.987487501920821,28.57142857142857,71.42857142857143,2.0,5.0,-1113.4285714285713,-1.265255628323888,3.2857142857142856,1705.5,1.9133128849973609,4.5,-2241.0,-2.536683033652388,2.8,3231.0,3.617857502771339,4.0,-4149.0,-5.032201724702544,3.0,1.0,3.0,0.1231190249832834,0.21562282679764894,0.30441767068273096,0.05819477574822357,0.3449902752636833,0.4119432556705811,2346.0866337152133,0.15458441597205527,25.396825396825395,-0.01502515527236338,-0.02320453742645829,-0.020081661105972568,-0.026810918240848993,-1.291336246684929,-0.6528458349038824,0.9458499476013459,1.0572501510794365,0.7251126766204834,,
0.001,1e-05,0.01,0.01,0.005,0.05,2026-01-05 00:00:00+08:00,2026-07-15 00:00:00+08:00,191 days,127.0,7.0,100000.0,101045.607,-7794.0,9860.0,1.045607,0.020076631704287973,0.1630668510168424,3411.0,-11205.0,1020.393,13614.0309,12.987487501920821,28.57142857142857,71.42857142857143,2.0,5.0,-1113.4285714285713,-1.265255628323888,3.2857142857142856,1705.5,1.9133128849973609,4.5,-2241.0,-2.536683033652388,2.8,3231.0,3.617857502771339,4.0,-4149.0,-5.032201724702544,3.0,1.0,3.0,0.1231190249832834,0.21562282679764894,0.30441767068273096,0.05819477574822357,0.3449902752636833,0.4119432556705811,2346.0866337152133,0.15458441597205527,25.396825396825395,-0.01502515527236338,-0.02320453742645829,-0.020081661105972568,-0.026810918240848993,-1.291336246684929,-0.6528458349038824,0.9458499476013459,1.0572501510794365,0.7139458656311035,,
0.001,1e-05,0.01,0.01,0.005,0.08,2026-01-05 00:00:00+08:00,2026-07-15 00:00:00+08:00,191 days,127.0,7.0,100000.0,101045.607,-7794.0,9860.0,1.045607,0.020076631704287973,0.1630668510168424,3411.0,-11205.0,1020.393,13614.0309,12.987487501920821,28.57142857142857,71.42857142857143,2.0,5.0,-1113.4285714285713,-1.265255628323888,3.2857142857142856,1705.5,1.9133128849973609,4.5,-2241.0,-2.536683033652388,2.8,3231.0,3.617857502771339,4.0,-4149.0,-5.032201724702544,3.0,1.0,3.0,0.1231190249832834,0.21562282679764894,0.30441767068273096,0.05819477574822357,0.3449902752636833,0.4119432556705811,2346.0866337152133,0.15458441597205527,25.396825396825395,-0.01502515527236338,-0.02320453742645829,-0.020081661105972568,-0.026810918240848993,-1.291336246684929,-0.6528458349038824,0.9458499476013459,1.0572501510794365,0.7159790992736816,,
1e-05,0.0001,0.001,0.03,0.01,0.03,2026-01-05 00:00:00+08:00,2026-07-15 00:00:00+08:00,191 days,127.0,7.0,100000.0,100934.5594,1950.0,0.0,0.9345594,0.017935385663694126,0.14586784456752977,5478.0,-3528.0,1015.4406,6286.8465,5.995236339908356,57.14285714285714,42.857142857142854,4.0,3.0,278.57142857142856,0.29754258997199023,3.4285714285714284,1369.5,1.506187738992394,4.75,-1176.0,-1.3139842753885487,1.6666666666666667,2508.0,2.723038337513436,3.0,-2160.0,-2.5,1.0,1.0,1.0,0.12295640424981331,0.23096973211614874,1.5527210884353742,0.034447641526336746,0.5206564185237973,0.0027491567518833637,1254.8205718756647,0.29916061097214874,19.047619047619047,-0.013704422930319482,-0.020769752766065467,-0.01751735490473054,-0.02164077832401154,0.49480074809606545,0.2034110467845407,0.9488140288403967,1.0539473169701767,0.6734640598297119,,
1e-05,0.0001,0.001,0.03,0.01,0.05,2026-01-05 00:00:00+08:00,2026-07-15 00:00:00+08:00,191 days,127.0,7.0,100000.0,100934.5594,1950.0,0.0,0.9345594,0.017935385663694126,0.14586784456752977,5478.0,-3528.0,1015.4406,6286.8465,5.995236339908356,57.14285714285714,42.857142857142854,4.0,3.0,278.57142857142856,0.29754258997199023,3.4285714285714284,1369.5,1.506187738992394,4.75,-1176.0,-1.3139842753885487,1.6666666666666667,2508.0,2.723038337513436,3.0,-2160.0,-2.5,1.0,1.0,1.0,0.12295640424981331,0.23096973211614874,1.5527210884353742,0.034447641526336746,0.5206564185237973,0.0027491567518833637,1254.8205718756647,0.29916061097214874,19.047619047619047,-0.013704422930319482,-0.020769752766065467,-0.01751735490473054,-0.02164077832401154,0.49480074809606545,0.2034110467845407,0.9488140288403967,1.0539473169701767,0.7051944732666016,,
1e-05,0.0001,0.001,0.03,0.01,0.08,2026-01-05 00:00:00+08:00,2026-07-15 00:00:00+08:00,191 days,127.0,7.0,100000.0,100934.5594,1950.0,0.0,0.9345594,0.017935385663694126,0.14586784456752977,5478.0,-3528.0,1015.4406,6286.8465,5.995236339908356,57.14285714285714,42.857142857142854,4.0,3.0,278.57142857142856,0.29754258997199023,3.4285714285714284,1369.5,1.506187738992394,4.75,-1176.0,-1.3139842753885487,1.6666666666666667,2508.0,2.723038337513436,3.0,-2160.0,-2.5,1.0,1.0,1.0,0.12295640424981331,0.23096973211614874,1.5527210884353742,0.034447641526336746,0.5206564185237973,0.0027491567518833637,1254.8205718756647,0.29916061097214874,19.047619047619047,-0.013704422930319482,-0.020769752766065467,-0.01751735490473054,-0.02164077832401154,0.49480074809606545,0.2034110467845407,0.9488140288403967,1.0539473169701767,0.6481704711914062,,
0.0001,0.0001,0.001,0.02,0.01,0.03,2026-01-05 00:00:00+08:00,2026-07-15 00:00:00+08:00,191 days,127.0,7.0,100000.0,100934.5594,1950.0,0.0,0.9345594,0.017935385663694126,0.14586784456752977,5478.0,-3528.0,1015.4406,6286.8465,5.995236339908356,57.14285714285714,42.857142857142854,4.0,3.0,278.57142857142856,0.29754258997199023,3.4285714285714284,1369.5,1.506187738992394,4.75,-1176.0,-1.3139842753885487,1.6666666666666667,2508.0,2.723038337513436,3.0,-2160.0,-2.5,1.0,1.0,1.0,0.12295640424981331,0.23096973211614874,1.5527210884353742,0.034447641526336746,0.5206564185237973,0.0027491567518833637,1254.8205718756647,0.29916061097214874,19.047619047619047,-0.013704422930319482,-0.020769752766065467,-0.01751735490473054,-0.02164077832401154,0.49480074809606545,0.2034110467845407,0.9488140288403967,1.0539473169701767,0.5919644832611084,,
0.0001,0.0001,0.001,0.02,0.01,0.05,2026-01-05 00:00:00+08:00,2026-07-15 00:00:00+08:00,191 days,127.0,7.0,100000.0,100934.5594,1950.0,0.0,0.9345594,0.017935385663694126,0.14586784456752977,5478.0,-3528.0,1015.4406,6286.8465,5.995236339908356,57.14285714285714,42.857142857142854,4.0,3.0,278.57142857142856,0.29754258997199023,3.4285714285714284,1369.5,1.506187738992394,4.75,-1176.0,-1.3139842753885487,1.6666666666666667,2508.0,2.723038337513436,3.0,-2160.0,-2.5,1.0,1.0,1.0,0.12295640424981331,0.23096973211614874,1.5527210884353742,0.034447641526336746,0.5206564185237973,0.0027491567518833637,1254.8205718756647,0.29916061097214874,19.047619047619047,-0.013704422930319482,-0.020769752766065467,-0.01751735490473054,-0.02164077832401154,0.49480074809606545,0.2034110467845407,0.9488140288403967,1.0539473169701767,0.6264350414276123,,
0.0001,0.0001,0.001,0.02,0.01,0.08,2026-01-05 00:00:00+08:00,2026-07-15 00:00:00+08:00,191 days,127.0,7.0,100000.0,100934.5594,1950.0,0.0,0.9345594,0.017935385663694126,0.14586784456752977,5478.0,-3528.0,1015.4406,6286.8465,5.995236339908356,57.14285714285714,42.857142857142854,4.0,3.0,278.57142857142856,0.29754258997199023,3.4285714285714284,1369.5,1.506187738992394,4.75,-1176.0,-1.3139842753885487,1.6666666666666667,2508.0,2.723038337513436,3.0,-2160.0,-2.5,1.0,1.0,1.0,0.12295640424981331,0.23096973211614874,1.5527210884353742,0.034447641526336746,0.5206564185237973,0.0027491567518833637,1254.8205718756647,0.29916061097214874,19.047619047619047,-0.013704422930319482,-0.020769752766065467,-0.01751735490473054,-0.02164077832401154,0.49480074809606545,0.2034110467845407,0.9488140288403967,1.0539473169701767,0.6207070350646973,,
0.0001,0.0001,0.001,0.03,0.01,0.03,2026-01-05 00:00:00+08:00,2026-07-15 00:00:00+08:00,191 days,127.0,7.0,100000.0,100934.5594,1950.0,0.0,0.9345594,0.017935385663694126,0.14586784456752977,5478.0,-3528.0,1015.4406,6286.8465,5.995236339908356,57.14285714285714,42.857142857142854,4.0,3.0,278.57142857142856,0.29754258997199023,3.4285714285714284,1369.5,1.506187738992394,4.75,-1176.0,-1.3139842753885487,1.6666666666666667,2508.0,2.723038337513436,3.0,-2160.0,-2.5,1.0,1.0,1.0,0.12295640424981331,0.23096973211614874,1.5527210884353742,0.034447641526336746,0.5206564185237973,0.0027491567518833637,1254.8205718756647,0.29916061097214874,19.047619047619047,-0.013704422930319482,-0.020769752766065467,-0.01751735490473054,-0.02164077832401154,0.49480074809606545,0.2034110467845407,0.9488140288403967,1.0539473169701767,0.6209259033203125,,
0.0001,0.0001,0.001,0.03,0.01,0.05,2026-01-05 00:00:00+08:00,2026-07-15 00:00:00+08:00,191 days,127.0,7.0,100000.0,100934.5594,1950.0,0.0,0.9345594,0.017935385663694126,0.14586784456752977,5478.0,-3528.0,1015.4406,6286.8465,5.995236339908356,57.14285714285714,42.857142857142854,4.0,3.0,278.57142857142856,0.29754258997199023,3.4285714285714284,1369.5,1.506187738992394,4.75,-1176.0,-1.3139842753885487,1.6666666666666667,2508.0,2.723038337513436,3.0,-2160.0,-2.5,1.0,1.0,1.0,0.12295640424981331,0.23096973211614874,1.5527210884353742,0.034447641526336746,0.5206564185237973,0.0027491567518833637,1254.8205718756647,0.29916061097214874,19.047619047619047,-0.013704422930319482,-0.020769752766065467,-0.01751735490473054,-0.02164077832401154,0.49480074809606545,0.2034110467845407,0.9488140288403967,1.0539473169701767,0.7390379905700684,,
0.0001,0.0001,0.001,0.03,0.01,0.08,2026-01-05 00:00:00+08:00,2026-07-15 00:00:00+08:00,191 days,127.0,7.0,100000.0,100934.5594,1950.0,0.0,0.9345594,0.017935385663694126,0.14586784456752977,5478.0,-3528.0,1015.4406,6286.8465,5.995236339908356,57.14285714285714,42.857142857142854,4.0,3.0,278.57142857142856,0.29754258997199023,3.4285714285714284,1369.5,1.506187738992394,4.75,-1176.0,-1.3139842753885487,1.6666666666666667,2508.0,2.723038337513436,3.0,-2160.0,-2.5,1.0,1.0,1.0,0.12295640424981331,0.23096973211614874,1.5527210884353742,0.034447641526336746,0.5206564185237973,0.0027491567518833637,1254.8205718756647,0.29916061097214874,19.047619047619047,-0.013704422930319482,-0.020769752766065467,-0.01751735490473054,-0.02164077832401154,0.49480074809606545,0.2034110467845407,0.9488140288403967,1.0539473169701767,0.755237340927124,,
0.001,1e-06,0.001,0.01,0.005,0.03,2026-01-05 00:00:00+08:00,2026-07-15 00:00:00+08:00,191 days,127.0,5.0,100000.0,100917.6049,-451.0,2110.0,0.9176049000000001,0.017608653737066993,0.14353937458714203,6391.0,-6842.0,741.3951,9146.54,8.725598965389368,40.0,60.0,2.0,3.0,-90.2,-0.020437255771708594,4.2,3195.5,3.6959465466800685,5.5,-2280.6666666666665,-2.498026457406227,3.3333333333333335,3231.0,3.617857502771339,4.0,-3969.0,-4.068265682656827,3.0,1.0,3.0,0.12267472801601813,0.21059769853448015,0.9340836012861736,0.05665635892795887,0.3107974827584172,0.39703433139551125,1700.8286016515415,0.2018045271953572,17.46031746031746,-0.012894036833989287,-0.02959117434171535,-0.019687623446456783,-0.030145372927726406,-0.0680379355368396,-0.028227194492254692,0.9458499476013459,1.0572501510794365,0.621746301651001,,
0.001,1e-06,0.001,0.01,0.005,0.05,2026-01-05 00:00:00+08:00,2026-07-15 00:00:00+08:00,191 days,127.0,5.0,100000.0,100917.6049,-451.0,2110.0,0.9176049000000001,0.017608653737066993,0.14353937458714203,6391.0,-6842.0,741.3951,9146.54,8.725598965389368,40.0,60.0,2.0,3.0,-90.2,-0.020437255771708594,4.2,3195.5,3.6959465466800685,5.5,-2280.6666666666665,-2.498026457406227,3.3333333333333335,3231.0,3.617857502771339,4.0,-3969.0,-4.068265682656827,3.0,1.0,3.0,0.12267472801601813,0.21059769853448015,0.9340836012861736,0.05665635892795887,0.3107974827584172,0.39703433139551125,1700.8286016515415,0.2018045271953572,17.46031746031746,-0.012894036833989287,-0.02959117434171535,-0.019687623446456783,-0.030145372927726406,-0.0680379355368396,-0.028227194492254692,0.9458499476013459,1.0572501510794365,0.6127076148986816,,
0.001,1e-06,0.001,0.01,0.005,0.08,2026-01-05 00:00:00+08:00,2026-07-15 00:00:00+08:00,191 days,127.0,5.0,100000.0,100917.6049,-451.0,2110.0,0.9176049000000001,0.017608653737066993,0.14353937458714203,6391.0,-6842.0,741.3951,9146.54,8.725598965389368,40.0,60.0,2.0,3.0,-90.2,-0.020437255771708594,4.2,3195.5,3.6959465466800685,5.5,-2280.6666666666665,-2.498026457406227,3.3333333333333335,3231.0,3.617857502771339,4.0,-3969.0,-4.068265682656827,3.0,1.0,3.0,0.12267472801601813,0.21059769853448015,0.9340836012861736,0.05665635892795887,0.3107974827584172,0.39703433139551125,1700.8286016515415,0.2018045271953572,17.46031746031746,-0.012894036833989287,-0.02959117434171535,-0.019687623446456783,-0.030145372927726406,-0.0680379355368396,-0.028227194492254692,0.9458499476013459,1.0572501510794365,0.7112369537353516,,
1e-05,1e-05,0.001,0.01,0.005,0.03,2026-01-05 00:00:00+08:00,2026-07-15 00:00:00+08:00,191 days,127.0,9.0,100000.0,100723.8975,2053.0,0.0,0.7238975,0.013879247692080154,0.16801931794036154,13495.0,-11442.0,1329.1025,11287.8315,10.571314742667123,44.44444444444444,55.55555555555556,4.0,5.0,228.11111111111111,0.31958905386309594,3.888888888888889,3373.75,3.801706243423622,6.0,-2288.4,-2.4661046977853247,2.2,7634.0,8.685857321652065,7.0,-4610.0,-5.032201724702544,3.0,1.0,2.0,0.08260507102526504,0.1493575258586545,1.1794266736584513,0.0415658124367704,0.33391017469448386,0.0014395783090058734,2301.3828990869697,0.13129159456450396,27.77777777777778,-0.01502515527236338,-0.022088042127722696,-0.019537761294713026,-0.023314142318470246,0.1968740503417345,0.06761351941048122,0.9458499476013459,1.0572501510794365,0.7462451457977295,,
1e-05,1e-05,0.001,0.01,0.005,0.05,2026-01-05 00:00:00+08:00,2026-07-15 00:00:00+08:00,191 days,127.0,9.0,100000.0,100723.8975,2053.0,0.0,0.7238975,0.013879247692080154,0.16801931794036154,13495.0,-11442.0,1329.1025,11287.8315,10.571314742667123,44.44444444444444,55.55555555555556,4.0,5.0,228.11111111111111,0.31958905386309594,3.888888888888889,3373.75,3.801706243423622,6.0,-2288.4,-2.4661046977853247,2.2,7634.0,8.685857321652065,7.0,-4610.0,-5.032201724702544,3.0,1.0,2.0,0.08260507102526504,0.1493575258586545,1.1794266736584513,0.0415658124367704,0.33391017469448386,0.0014395783090058734,2301.3828990869697,0.13129159456450396,27.77777777777778,-0.01502515527236338,-0.022088042127722696,-0.019537761294713026,-0.023314142318470246,0.1968740503417345,0.06761351941048122,0.9458499476013459,1.0572501510794365,0.7088229656219482,,
1e-05,1e-05,0.001,0.01,0.005,0.08,2026-01-05 00:00:00+08:00,2026-07-15 00:00:00+08:00,191 days,127.0,9.0,100000.0,100723.8975,2053.0,0.0,0.7238975,0.013879247692080154,0.16801931794036154,13495.0,-11442.0,1329.1025,11287.8315,10.571314742667123,44.44444444444444,55.55555555555556,4.0,5.0,228.11111111111111,0.31958905386309594,3.888888888888889,3373.75,3.801706243423622,6.0,-2288.4,-2.4661046977853247,2.2,7634.0,8.685857321652065,7.0,-4610.0,-5.032201724702544,3.0,1.0,2.0,0.08260507102526504,0.1493575258586545,1.1794266736584513,0.0415658124367704,0.33391017469448386,0.0014395783090058734,2301.3828990869697,0.13129159456450396,27.77777777777778,-0.01502515527236338,-0.022088042127722696,-0.019537761294713026,-0.023314142318470246,0.1968740503417345,0.06761351941048122,0.9458499476013459,1.0572501510794365,0.9340395927429199,,
1e-05,0.0001,0.01,0.01,0.005,0.03,2026-01-05 00:00:00+08:00,2026-07-15 00:00:00+08:00,191 days,127.0,9.0,100000.0,100723.8975,2053.0,0.0,0.7238975,0.013879247692080154,0.16801931794036154,13495.0,-11442.0,1329.1025,11287.8315,10.571314742667123,44.44444444444444,55.55555555555556,4.0,5.0,228.11111111111111,0.31958905386309594,3.888888888888889,3373.75,3.801706243423622,6.0,-2288.4,-2.4661046977853247,2.2,7634.0,8.685857321652065,7.0,-4610.0,-5.032201724702544,3.0,1.0,2.0,0.08260507102526504,0.1493575258586545,1.1794266736584513,0.0415658124367704,0.33391017469448386,0.0014395783090058734,2301.3828990869697,0.13129159456450396,27.77777777777778,-0.01502515527236338,-0.022088042127722696,-0.019537761294713026,-0.023314142318470246,0.1968740503417345,0.06761351941048122,0.9458499476013459,1.0572501510794365,0.629157543182373,,
1e-05,0.0001,0.01,0.01,0.005,0.05,2026-01-05 00:00:00+08:00,2026-07-15 00:00:00+08:00,191 days,127.0,9.0,100000.0,100723.8975,2053.0,0.0,0.7238975,0.013879247692080154,0.16801931794036154,13495.0,-11442.0,1329.1025,11287.8315,10.571314742667123,44.44444444444444,55.55555555555556,4.0,5.0,228.11111111111111,0.31958905386309594,3.888888888888889,3373.75,3.801706243423622,6.0,-2288.4,-2.4661046977853247,2.2,7634.0,8.685857321652065,7.0,-4610.0,-5.032201724702544,3.0,1.0,2.0,0.08260507102526504,0.1493575258586545,1.1794266736584513,0.0415658124367704,0.33391017469448386,0.0014395783090058734,2301.3828990869697,0.13129159456450396,27.77777777777778,-0.01502515527236338,-0.022088042127722696,-0.019537761294713026,-0.023314142318470246,0.1968740503417345,0.06761351941048122,0.9458499476013459,1.0572501510794365,0.6536743640899658,,
1e-05,0.0001,0.01,0.01,0.005,0.08,2026-01-05 00:00:00+08:00,2026-07-15 00:00:00+08:00,191 days,127.0,9.0,100000.0,100723.8975,2053.0,0.0,0.7238975,0.013879247692080154,0.16801931794036154,13495.0,-11442.0,1329.1025,11287.8315,10.571314742667123,44.44444444444444,55.55555555555556,4.0,5.0,228.11111111111111,0.31958905386309594,3.888888888888889,3373.75,3.801706243423622,6.0,-2288.4,-2.4661046977853247,2.2,7634.0,8.685857321652065,7.0,-4610.0,-5.032201724702544,3.0,1.0,2.0,0.08260507102526504,0.1493575258586545,1.1794266736584513,0.0415658124367704,0.33391017469448386,0.0014395783090058734,2301.3828990869697,0.13129159456450396,27.77777777777778,-0.01502515527236338,-0.022088042127722696,-0.019537761294713026,-0.023314142318470246,0.1968740503417345,0.06761351941048122,0.9458499476013459,1.0572501510794365,0.7106175422668457,,
0.0001,1e-05,0.001,0.01,0.005,0.03,2026-01-05 00:00:00+08:00,2026-07-15 00:00:00+08:00,191 days,127.0,9.0,100000.0,100723.8975,2053.0,0.0,0.7238975,0.013879247692080154,0.16801931794036154,13495.0,-11442.0,1329.1025,11287.8315,10.571314742667123,44.44444444444444,55.55555555555556,4.0,5.0,228.11111111111111,0.31958905386309594,3.888888888888889,3373.75,3.801706243423622,6.0,-2288.4,-2.4661046977853247,2.2,7634.0,8.685857321652065,7.0,-4610.0,-5.032201724702544,3.0,1.0,2.0,0.08260507102526504,0.1493575258586545,1.1794266736584513,0.0415658124367704,0.33391017469448386,0.0014395783090058734,2301.3828990869697,0.13129159456450396,27.77777777777778,-0.01502515527236338,-0.022088042127722696,-0.019537761294713026,-0.023314142318470246,0.1968740503417345,0.06761351941048122,0.9458499476013459,1.0572501510794365,0.6540935039520264,,
0.0001,1e-05,0.001,0.01,0.005,0.05,2026-01-05 00:00:00+08:00,2026-07-15 00:00:00+08:00,191 days,127.0,9.0,100000.0,100723.8975,2053.0,0.0,0.7238975,0.013879247692080154,0.16801931794036154,13495.0,-11442.0,1329.1025,11287.8315,10.571314742667123,44.44444444444444,55.55555555555556,4.0,5.0,228.11111111111111,0.31958905386309594,3.888888888888889,3373.75,3.801706243423622,6.0,-2288.4,-2.4661046977853247,2.2,7634.0,8.685857321652065,7.0,-4610.0,-5.032201724702544,3.0,1.0,2.0,0.08260507102526504,0.1493575258586545,1.1794266736584513,0.0415658124367704,0.33391017469448386,0.0014395783090058734,2301.3828990869697,0.13129159456450396,27.77777777777778,-0.01502515527236338,-0.022088042127722696,-0.019537761294713026,-0.023314142318470246,0.1968740503417345,0.06761351941048122,0.9458499476013459,1.0572501510794365,0.6286201477050781,,
0.0001,1e-05,0.001,0.01,0.005,0.08,2026-01-05 00:00:00+08:00,2026-07-15 00:00:00+08:00,191 days,127.0,9.0,100000.0,100723.8975,2053.0,0.0,0.7238975,0.013879247692080154,0.16801931794036154,13495.0,-11442.0,1329.1025,11287.8315,10.571314742667123,44.44444444444444,55.55555555555556,4.0,5.0,228.11111111111111,0.31958905386309594,3.888888888888889,3373.75,3.801706243423622,6.0,-2288.4,-2.4661046977853247,2.2,7634.0,8.685857321652065,7.0,-4610.0,-5.032201724702544,3.0,1.0,2.0,0.08260507102526504,0.1493575258586545,1.1794266736584513,0.0415658124367704,0.33391017469448386,0.0014395783090058734,2301.3828990869697,0.13129159456450396,27.77777777777778,-0.01502515527236338,-0.022088042127722696,-0.019537761294713026,-0.023314142318470246,0.1968740503417345,0.06761351941048122,0.9458499476013459,1.0572501510794365,0.6806831359863281,,
0.0001,0.0001,0.01,0.01,0.005,0.03,2026-01-05 00:00:00+08:00,2026-07-15 00:00:00+08:00,191 days,127.0,9.0,100000.0,100723.8975,2053.0,0.0,0.7238975,0.013879247692080154,0.16801931794036154,13495.0,-11442.0,1329.1025,11287.8315,10.571314742667123,44.44444444444444,55.55555555555556,4.0,5.0,228.11111111111111,0.31958905386309594,3.888888888888889,3373.75,3.801706243423622,6.0,-2288.4,-2.4661046977853247,2.2,7634.0,8.685857321652065,7.0,-4610.0,-5.032201724702544,3.0,1.0,2.0,0.08260507102526504,0.1493575258586545,1.1794266736584513,0.0415658124367704,0.33391017469448386,0.0014395783090058734,2301.3828990869697,0.13129159456450396,27.77777777777778,-0.01502515527236338,-0.022088042127722696,-0.019537761294713026,-0.023314142318470246,0.1968740503417345,0.06761351941048122,0.9458499476013459,1.0572501510794365,0.6958436965942383,,
0.0001,0.0001,0.01,0.01,0.005,0.05,2026-01-05 00:00:00+08:00,2026-07-15 00:00:00+08:00,191 days,127.0,9.0,100000.0,100723.8975,2053.0,0.0,0.7238975,0.013879247692080154,0.16801931794036154,13495.0,-11442.0,1329.1025,11287.8315,10.571314742667123,44.44444444444444,55.55555555555556,4.0,5.0,228.11111111111111,0.31958905386309594,3.888888888888889,3373.75,3.801706243423622,6.0,-2288.4,-2.4661046977853247,2.2,7634.0,8.685857321652065,7.0,-4610.0,-5.032201724702544,3.0,1.0,2.0,0.08260507102526504,0.1493575258586545,1.1794266736584513,0.0415658124367704,0.33391017469448386,0.0014395783090058734,2301.3828990869697,0.13129159456450396,27.77777777777778,-0.01502515527236338,-0.022088042127722696,-0.019537761294713026,-0.023314142318470246,0.1968740503417345,0.06761351941048122,0.9458499476013459,1.0572501510794365,0.6698267459869385,,
0.0001,0.0001,0.01,0.01,0.005,0.08,2026-01-05 00:00:00+08:00,2026-07-15 00:00:00+08:00,191 days,127.0,9.0,100000.0,100723.8975,2053.0,0.0,0.7238975,0.013879247692080154,0.16801931794036154,13495.0,-11442.0,1329.1025,11287.8315,10.571314742667123,44.44444444444444,55.55555555555556,4.0,5.0,228.11111111111111,0.31958905386309594,3.888888888888889,3373.75,3.801706243423622,6.0,-2288.4,-2.4661046977853247,2.2,7634.0,8.685857321652065,7.0,-4610.0,-5.032201724702544,3.0,1.0,2.0,0.08260507102526504,0.1493575258586545,1.1794266736584513,0.0415658124367704,0.33391017469448386,0.0014395783090058734,2301.3828990869697,0.13129159456450396,27.77777777777778,-0.01502515527236338,-0.022088042127722696,-0.019537761294713026,-0.023314142318470246,0.1968740503417345,0.06761351941048122,0.9458499476013459,1.0572501510794365,0.6983158588409424,,
0.001,0.0001,0.01,0.01,0.005,0.03,2026-01-05 00:00:00+08:00,2026-07-15 00:00:00+08:00,191 days,127.0,9.0,100000.0,100723.8975,2053.0,0.0,0.7238975,0.013879247692080154,0.16801931794036154,13495.0,-11442.0,1329.1025,11287.8315,10.571314742667123,44.44444444444444,55.55555555555556,4.0,5.0,228.11111111111111,0.31958905386309594,3.888888888888889,3373.75,3.801706243423622,6.0,-2288.4,-2.4661046977853247,2.2,7634.0,8.685857321652065,7.0,-4610.0,-5.032201724702544,3.0,1.0,2.0,0.08260507102526504,0.1493575258586545,1.1794266736584513,0.0415658124367704,0.33391017469448386,0.0014395783090058734,2301.3828990869697,0.13129159456450396,27.77777777777778,-0.01502515527236338,-0.022088042127722696,-0.019537761294713026,-0.023314142318470246,0.1968740503417345,0.06761351941048122,0.9458499476013459,1.0572501510794365,0.7266213893890381,,
0.001,0.0001,0.01,0.01,0.005,0.05,2026-01-05 00:00:00+08:00,2026-07-15 00:00:00+08:00,191 days,127.0,9.0,100000.0,100723.8975,2053.0,0.0,0.7238975,0.013879247692080154,0.16801931794036154,13495.0,-11442.0,1329.1025,11287.8315,10.571314742667123,44.44444444444444,55.55555555555556,4.0,5.0,228.11111111111111,0.31958905386309594,3.888888888888889,3373.75,3.801706243423622,6.0,-2288.4,-2.4661046977853247,2.2,7634.0,8.685857321652065,7.0,-4610.0,-5.032201724702544,3.0,1.0,2.0,0.08260507102526504,0.1493575258586545,1.1794266736584513,0.0415658124367704,0.33391017469448386,0.0014395783090058734,2301.3828990869697,0.13129159456450396,27.77777777777778,-0.01502515527236338,-0.022088042127722696,-0.019537761294713026,-0.023314142318470246,0.1968740503417345,0.06761351941048122,0.9458499476013459,1.0572501510794365,0.678685188293457,,
0.001,0.0001,0.01,0.01,0.005,0.08,2026-01-05 00:00:00+08:00,2026-07-15 00:00:00+08:00,191 days,127.0,9.0,100000.0,100723.8975,2053.0,0.0,0.7238975,0.013879247692080154,0.16801931794036154,13495.0,-11442.0,1329.1025,11287.8315,10.571314742667123,44.44444444444444,55.55555555555556,4.0,5.0,228.11111111111111,0.31958905386309594,3.888888888888889,3373.75,3.801706243423622,6.0,-2288.4,-2.4661046977853247,2.2,7634.0,8.685857321652065,7.0,-4610.0,-5.032201724702544,3.0,1.0,2.0,0.08260507102526504,0.1493575258586545,1.1794266736584513,0.0415658124367704,0.33391017469448386,0.0014395783090058734,2301.3828990869697,0.13129159456450396,27.77777777777778,-0.01502515527236338,-0.022088042127722696,-0.019537761294713026,-0.023314142318470246,0.1968740503417345,0.06761351941048122,0.9458499476013459,1.0572501510794365,0.7833359241485596,,
1e-05,1e-05,0.001,0.02,0.01,0.03,2026-01-05 00:00:00+08:00,2026-07-15 00:00:00+08:00,191 days,127.0,6.0,100000.0,100604.0686,1466.0,0.0,0.6040686,0.011575476372291726,0.15791006325149726,7253.0,-5787.0,861.9314,9718.2774,9.256857692449724,50.0,50.0,3.0,3.0,244.33333333333334,0.2834272508780719,4.833333333333333,2417.6666666666665,2.6917405067175,6.0,-1929.0,-2.1248860049613563,3.6666666666666665,5489.0,6.092796092796093,8.0,-3141.0,-3.338435048785154,2.0,1.0,2.0,0.07330423491665577,0.13093991728256188,1.2533264212890962,0.050227338168164916,0.23046167275550536,0.20085244886937548,2143.4050101852276,0.1250475783130291,23.015873015873016,-0.013879671741386488,-0.023256524943633644,-0.019074969532763143,-0.027576518103896493,0.2130879560100441,0.10106162967048116,0.9505582827067353,1.0520133464646464,0.8212690353393555,,
1e-05,1e-05,0.001,0.02,0.01,0.05,2026-01-05 00:00:00+08:00,2026-07-15 00:00:00+08:00,191 days,127.0,6.0,100000.0,100604.0686,1466.0,0.0,0.6040686,0.011575476372291726,0.15791006325149726,7253.0,-5787.0,861.9314,9718.2774,9.256857692449724,50.0,50.0,3.0,3.0,244.33333333333334,0.2834272508780719,4.833333333333333,2417.6666666666665,2.6917405067175,6.0,-1929.0,-2.1248860049613563,3.6666666666666665,5489.0,6.092796092796093,8.0,-3141.0,-3.338435048785154,2.0,1.0,2.0,0.07330423491665577,0.13093991728256188,1.2533264212890962,0.050227338168164916,0.23046167275550536,0.20085244886937548,2143.4050101852276,0.1250475783130291,23.015873015873016,-0.013879671741386488,-0.023256524943633644,-0.019074969532763143,-0.027576518103896493,0.2130879560100441,0.10106162967048116,0.9505582827067353,1.0520133464646464,0.6270310878753662,,
1e-05,1e-05,0.001,0.02,0.01,0.08,2026-01-05 00:00:00+08:00,2026-07-15 00:00:00+08:00,191 days,127.0,6.0,100000.0,100604.0686,1466.0,0.0,0.6040686,0.011575476372291726,0.15791006325149726,7253.0,-5787.0,861.9314,9718.2774,9.256857692449724,50.0,50.0,3.0,3.0,244.33333333333334,0.2834272508780719,4.833333333333333,2417.6666666666665,2.6917405067175,6.0,-1929.0,-2.1248860049613563,3.6666666666666665,5489.0,6.092796092796093,8.0,-3141.0,-3.338435048785154,2.0,1.0,2.0,0.07330423491665577,0.13093991728256188,1.2533264212890962,0.050227338168164916,0.23046167275550536,0.20085244886937548,2143.4050101852276,0.1250475783130291,23.015873015873016,-0.013879671741386488,-0.023256524943633644,-0.019074969532763143,-0.027576518103896493,0.2130879560100441,0.10106162967048116,0.9505582827067353,1.0520133464646464,0.6978936195373535,,
1e-05,0.0001,0.01,0.02,0.01,0.03,2026-01-05 00:00:00+08:00,2026-07-15 00:00:00+08:00,191 days,127.0,6.0,100000.0,100604.0686,1466.0,0.0,0.6040686,0.011575476372291726,0.15791006325149726,7253.0,-5787.0,861.9314,9718.2774,9.256857692449724,50.0,50.0,3.0,3.0,244.33333333333334,0.2834272508780719,4.833333333333333,2417.6666666666665,2.6917405067175,6.0,-1929.0,-2.1248860049613563,3.6666666666666665,5489.0,6.092796092796093,8.0,-3141.0,-3.338435048785154,2.0,1.0,2.0,0.07330423491665577,0.13093991728256188,1.2533264212890962,0.050227338168164916,0.23046167275550536,0.20085244886937548,2143.4050101852276,0.1250475783130291,23.015873015873016,-0.013879671741386488,-0.023256524943633644,-0.019074969532763143,-0.027576518103896493,0.2130879560100441,0.10106162967048116,0.9505582827067353,1.0520133464646464,0.7069704532623291,,
1e-05,0.0001,0.01,0.02,0.01,0.05,2026-01-05 00:00:00+08:00,2026-07-15 00:00:00+08:00,191 days,127.0,6.0,100000.0,100604.0686,1466.0,0.0,0.6040686,0.011575476372291726,0.15791006325149726,7253.0,-5787.0,861.9314,9718.2774,9.256857692449724,50.0,50.0,3.0,3.0,244.33333333333334,0.2834272508780719,4.833333333333333,2417.6666666666665,2.6917405067175,6.0,-1929.0,-2.1248860049613563,3.6666666666666665,5489.0,6.092796092796093,8.0,-3141.0,-3.338435048785154,2.0,1.0,2.0,0.07330423491665577,0.13093991728256188,1.2533264212890962,0.050227338168164916,0.23046167275550536,0.20085244886937548,2143.4050101852276,0.1250475783130291,23.015873015873016,-0.013879671741386488,-0.023256524943633644,-0.019074969532763143,-0.027576518103896493,0.2130879560100441,0.10106162967048116,0.9505582827067353,1.0520133464646464,0.8404881954193115,,
1e-05,0.0001,0.01,0.02,0.01,0.08,2026-01-05 00:00:00+08:00,2026-07-15 00:00:00+08:00,191 days,127.0,6.0,100000.0,100604.0686,1466.0,0.0,0.6040686,0.011575476372291726,0.15791006325149726,7253.0,-5787.0,861.9314,9718.2774,9.256857692449724,50.0,50.0,3.0,3.0,244.33333333333334,0.2834272508780719,4.833333333333333,2417.6666666666665,2.6917405067175,6.0,-1929.0,-2.1248860049613563,3.6666666666666665,5489.0,6.092796092796093,8.0,-3141.0,-3.338435048785154,2.0,1.0,2.0,0.07330423491665577,0.13093991728256188,1.2533264212890962,0.050227338168164916,0.23046167275550536,0.20085244886937548,2143.4050101852276,0.1250475783130291,23.015873015873016,-0.013879671741386488,-0.023256524943633644,-0.019074969532763143,-0.027576518103896493,0.2130879560100441,0.10106162967048116,0.9505582827067353,1.0520133464646464,0.8641314506530762,,
0.0001,0.0001,0.01,0.02,0.01,0.03,2026-01-05 00:00:00+08:00,2026-07-15 00:00:00+08:00,191 days,127.0,6.0,100000.0,100604.0686,1466.0,0.0,0.6040686,0.011575476372291726,0.15791006325149726,7253.0,-5787.0,861.9314,9718.2774,9.256857692449724,50.0,50.0,3.0,3.0,244.33333333333334,0.2834272508780719,4.833333333333333,2417.6666666666665,2.6917405067175,6.0,-1929.0,-2.1248860049613563,3.6666666666666665,5489.0,6.092796092796093,8.0,-3141.0,-3.338435048785154,2.0,1.0,2.0,0.07330423491665577,0.13093991728256188,1.2533264212890962,0.050227338168164916,0.23046167275550536,0.20085244886937548,2143.4050101852276,0.1250475783130291,23.015873015873016,-0.013879671741386488,-0.023256524943633644,-0.019074969532763143,-0.027576518103896493,0.2130879560100441,0.10106162967048116,0.9505582827067353,1.0520133464646464,0.8203732967376709,,
0.0001,0.0001,0.01,0.02,0.01,0.05,2026-01-05 00:00:00+08:00,2026-07-15 00:00:00+08:00,191 days,127.0,6.0,100000.0,100604.0686,1466.0,0.0,0.6040686,0.011575476372291726,0.15791006325149726,7253.0,-5787.0,861.9314,9718.2774,9.256857692449724,50.0,50.0,3.0,3.0,244.33333333333334,0.2834272508780719,4.833333333333333,2417.6666666666665,2.6917405067175,6.0,-1929.0,-2.1248860049613563,3.6666666666666665,5489.0,6.092796092796093,8.0,-3141.0,-3.338435048785154,2.0,1.0,2.0,0.07330423491665577,0.13093991728256188,1.2533264212890962,0.050227338168164916,0.23046167275550536,0.20085244886937548,2143.4050101852276,0.1250475783130291,23.015873015873016,-0.013879671741386488,-0.023256524943633644,-0.019074969532763143,-0.027576518103896493,0.2130879560100441,0.10106162967048116,0.9505582827067353,1.0520133464646464,0.6786627769470215,,
0.0001,0.0001,0.01,0.02,0.01,0.08,2026-01-05 00:00:00+08:00,2026-07-15 00:00:00+08:00,191 days,127.0,6.0,100000.0,100604.0686,1466.0,0.0,0.6040686,0.011575476372291726,0.15791006325149726,7253.0,-5787.0,861.9314,9718.2774,9.256857692449724,50.0,50.0,3.0,3.0,244.33333333333334,0.2834272508780719,4.833333333333333,2417.6666666666665,2.6917405067175,6.0,-1929.0,-2.1248860049613563,3.6666666666666665,5489.0,6.092796092796093,8.0,-3141.0,-3.338435048785154,2.0,1.0,2.0,0.07330423491665577,0.13093991728256188,1.2533264212890962,0.050227338168164916,0.23046167275550536,0.20085244886937548,2143.4050101852276,0.1250475783130291,23.015873015873016,-0.013879671741386488,-0.023256524943633644,-0.019074969532763143,-0.027576518103896493,0.2130879560100441,0.10106162967048116,0.9505582827067353,1.0520133464646464,0.8215384483337402,,
1e-05,1e-06,0.001,0.02,0.01,0.05,2026-01-05 00:00:00+08:00,2026-07-15 00:00:00+08:00,191 days,127.0,4.0,100000.0,100420.0469,-7031.0,8030.0,0.4200469,0.008042430577574144,0.16205831937819395,1584.0,-8615.0,578.9531,12409.042,11.837954465478006,25.0,75.0,1.0,3.0,-1757.75,-2.0451306660945643,5.75,1584.0,1.7736571601330242,5.0,-2871.6666666666665,-3.3180599415037606,6.0,1584.0,1.7736571601330242,5.0,-4122.0,-4.780793319415449,10.0,1.0,3.0,0.049626767748995354,0.08769215729335483,0.18386535113174696,0.06254437431204872,0.128587593465218,0.5023455801846877,2212.2611939699273,0.06793767116631157,24.6031746031746,-0.01502515527236338,-0.023477641155056517,-0.019691487880220175,-0.027043901483586492,-1.6651105540532576,-1.1096906565656566,0.915993524672377,1.0917107742193586,0.6605727672576904,,
1e-05,1e-06,0.001,0.02,0.01,0.08,2026-01-05 00:00:00+08:00,2026-07-15 00:00:00+08:00,191 days,127.0,4.0,100000.0,100420.0469,-7031.0,8030.0,0.4200469,0.008042430577574144,0.16205831937819395,1584.0,-8615.0,578.9531,12409.042,11.837954465478006,25.0,75.0,1.0,3.0,-1757.75,-2.0451306660945643,5.75,1584.0,1.7736571601330242,5.0,-2871.6666666666665,-3.3180599415037606,6.0,1584.0,1.7736571601330242,5.0,-4122.0,-4.780793319415449,10.0,1.0,3.0,0.049626767748995354,0.08769215729335483,0.18386535113174696,0.06254437431204872,0.128587593465218,0.5023455801846877,2212.2611939699273,0.06793767116631157,24.6031746031746,-0.01502515527236338,-0.023477641155056517,-0.019691487880220175,-0.027043901483586492,-1.6651105540532576,-1.1096906565656566,0.915993524672377,1.0917107742193586,0.5504417419433594,,
1e-05,1e-05,0.01,0.02,0.01,0.05,2026-01-05 00:00:00+08:00,2026-07-15 00:00:00+08:00,191 days,127.0,4.0,100000.0,100420.0469,-7031.0,8030.0,0.4200469,0.008042430577574144,0.16205831937819395,1584.0,-8615.0,578.9531,12409.042,11.837954465478006,25.0,75.0,1.0,3.0,-1757.75,-2.0451306660945643,5.75,1584.0,1.7736571601330242,5.0,-2871.6666666666665,-3.3180599415037606,6.0,1584.0,1.7736571601330242,5.0,-4122.0,-4.780793319415449,10.0,1.0,3.0,0.049626767748995354,0.08769215729335483,0.18386535113174696,0.06254437431204872,0.128587593465218,0.5023455801846877,2212.2611939699273,0.06793767116631157,24.6031746031746,-0.01502515527236338,-0.023477641155056517,-0.019691487880220175,-0.027043901483586492,-1.6651105540532576,-1.1096906565656566,0.915993524672377,1.0917107742193586,0.6088831424713135,,
1e-05,1e-05,0.01,0.02,0.01,0.08,2026-01-05 00:00:00+08:00,2026-07-15 00:00:00+08:00,191 days,127.0,4.0,100000.0,100420.0469,-7031.0,8030.0,0.4200469,0.008042430577574144,0.16205831937819395,1584.0,-8615.0,578.9531,12409.042,11.837954465478006,25.0,75.0,1.0,3.0,-1757.75,-2.0451306660945643,5.75,1584.0,1.7736571601330242,5.0,-2871.6666666666665,-3.3180599415037606,6.0,1584.0,1.7736571601330242,5.0,-4122.0,-4.780793319415449,10.0,1.0,3.0,0.049626767748995354,0.08769215729335483,0.18386535113174696,0.06254437431204872,0.128587593465218,0.5023455801846877,2212.2611939699273,0.06793767116631157,24.6031746031746,-0.01502515527236338,-0.023477641155056517,-0.019691487880220175,-0.027043901483586492,-1.6651105540532576,-1.1096906565656566,0.915993524672377,1.0917107742193586,0.6656420230865479,,
1e-05,0.0001,0.1,0.02,0.01,0.05,2026-01-05 00:00:00+08:00,2026-07-15 00:00:00+08:00,191 days,127.0,4.0,100000.0,100420.0469,-7031.0,8030.0,0.4200469,0.008042430577574144,0.16205831937819395,1584.0,-8615.0,578.9531,12409.042,11.837954465478006,25.0,75.0,1.0,3.0,-1757.75,-2.0451306660945643,5.75,1584.0,1.7736571601330242,5.0,-2871.6666666666665,-3.3180599415037606,6.0,1584.0,1.7736571601330242,5.0,-4122.0,-4.780793319415449,10.0,1.0,3.0,0.049626767748995354,0.08769215729335483,0.18386535113174696,0.06254437431204872,0.128587593465218,0.5023455801846877,2212.2611939699273,0.06793767116631157,24.6031746031746,-0.01502515527236338,-0.023477641155056517,-0.019691487880220175,-0.027043901483586492,-1.6651105540532576,-1.1096906565656566,0.915993524672377,1.0917107742193586,0.7935881614685059,,
1e-05,0.0001,0.1,0.02,0.01,0.08,2026-01-05 00:00:00+08:00,2026-07-15 00:00:00+08:00,191 days,127.0,4.0,100000.0,100420.0469,-7031.0,8030.0,0.4200469,0.008042430577574144,0.16205831937819395,1584.0,-8615.0,578.9531,12409.042,11.837954465478006,25.0,75.0,1.0,3.0,-1757.75,-2.0451306660945643,5.75,1584.0,1.7736571601330242,5.0,-2871.6666666666665,-3.3180599415037606,6.0,1584.0,1.7736571601330242,5.0,-4122.0,-4.780793319415449,10.0,1.0,3.0,0.049626767748995354,0.08769215729335483,0.18386535113174696,0.06254437431204872,0.128587593465218,0.5023455801846877,2212.2611939699273,0.06793767116631157,24.6031746031746,-0.01502515527236338,-0.023477641155056517,-0.019691487880220175,-0.027043901483586492,-1.6651105540532576,-1.1096906565656566,0.915993524672377,1.0917107742193586,0.6143701076507568,,
0.0001,1e-05,0.01,0.02,0.01,0.05,2026-01-05 00:00:00+08:00,2026-07-15 00:00:00+08:00,191 days,127.0,4.0,100000.0,100420.0469,-7031.0,8030.0,0.4200469,0.008042430577574144,0.16205831937819395,1584.0,-8615.0,578.9531,12409.042,11.837954465478006,25.0,75.0,1.0,3.0,-1757.75,-2.0451306660945643,5.75,1584.0,1.7736571601330242,5.0,-2871.6666666666665,-3.3180599415037606,6.0,1584.0,1.7736571601330242,5.0,-4122.0,-4.780793319415449,10.0,1.0,3.0,0.049626767748995354,0.08769215729335483,0.18386535113174696,0.06254437431204872,0.128587593465218,0.5023455801846877,2212.2611939699273,0.06793767116631157,24.6031746031746,-0.01502515527236338,-0.023477641155056517,-0.019691487880220175,-0.027043901483586492,-1.6651105540532576,-1.1096906565656566,0.915993524672377,1.0917107742193586,0.6031434535980225,,
0.0001,1e-05,0.01,0.02,0.01,0.08,2026-01-05 00:00:00+08:00,2026-07-15 00:00:00+08:00,191 days,127.0,4.0,100000.0,100420.0469,-7031.0,8030.0,0.4200469,0.008042430577574144,0.16205831937819395,1584.0,-8615.0,578.9531,12409.042,11.837954465478006,25.0,75.0,1.0,3.0,-1757.75,-2.0451306660945643,5.75,1584.0,1.7736571601330242,5.0,-2871.6666666666665,-3.3180599415037606,6.0,1584.0,1.7736571601330242,5.0,-4122.0,-4.780793319415449,10.0,1.0,3.0,0.049626767748995354,0.08769215729335483,0.18386535113174696,0.06254437431204872,0.128587593465218,0.5023455801846877,2212.2611939699273,0.06793767116631157,24.6031746031746,-0.01502515527236338,-0.023477641155056517,-0.019691487880220175,-0.027043901483586492,-1.6651105540532576,-1.1096906565656566,0.915993524672377,1.0917107742193586,0.7197294235229492,,
0.0001,0.0001,0.1,0.02,0.01,0.05,2026-01-05 00:00:00+08:00,2026-07-15 00:00:00+08:00,191 days,127.0,4.0,100000.0,100420.0469,-7031.0,8030.0,0.4200469,0.008042430577574144,0.16205831937819395,1584.0,-8615.0,578.9531,12409.042,11.837954465478006,25.0,75.0,1.0,3.0,-1757.75,-2.0451306660945643,5.75,1584.0,1.7736571601330242,5.0,-2871.6666666666665,-3.3180599415037606,6.0,1584.0,1.7736571601330242,5.0,-4122.0,-4.780793319415449,10.0,1.0,3.0,0.049626767748995354,0.08769215729335483,0.18386535113174696,0.06254437431204872,0.128587593465218,0.5023455801846877,2212.2611939699273,0.06793767116631157,24.6031746031746,-0.01502515527236338,-0.023477641155056517,-0.019691487880220175,-0.027043901483586492,-1.6651105540532576,-1.1096906565656566,0.915993524672377,1.0917107742193586,0.6878054141998291,,
0.0001,0.0001,0.1,0.02,0.01,0.08,2026-01-05 00:00:00+08:00,2026-07-15 00:00:00+08:00,191 days,127.0,4.0,100000.0,100420.0469,-7031.0,8030.0,0.4200469,0.008042430577574144,0.16205831937819395,1584.0,-8615.0,578.9531,12409.042,11.837954465478006,25.0,75.0,1.0,3.0,-1757.75,-2.0451306660945643,5.75,1584.0,1.7736571601330242,5.0,-2871.6666666666665,-3.3180599415037606,6.0,1584.0,1.7736571601330242,5.0,-4122.0,-4.780793319415449,10.0,1.0,3.0,0.049626767748995354,0.08769215729335483,0.18386535113174696,0.06254437431204872,0.128587593465218,0.5023455801846877,2212.2611939699273,0.06793767116631157,24.6031746031746,-0.01502515527236338,-0.023477641155056517,-0.019691487880220175,-0.027043901483586492,-1.6651105540532576,-1.1096906565656566,0.915993524672377,1.0917107742193586,0.8715875148773193,,
0.001,0.0001,0.1,0.02,0.01,0.05,2026-01-05 00:00:00+08:00,2026-07-15 00:00:00+08:00,191 days,127.0,4.0,100000.0,100420.0469,-7031.0,8030.0,0.4200469,0.008042430577574144,0.16205831937819395,1584.0,-8615.0,578.9531,12409.042,11.837954465478006,25.0,75.0,1.0,3.0,-1757.75,-2.0451306660945643,5.75,1584.0,1.7736571601330242,5.0,-2871.6666666666665,-3.3180599415037606,6.0,1584.0,1.7736571601330242,5.0,-4122.0,-4.780793319415449,10.0,1.0,3.0,0.049626767748995354,0.08769215729335483,0.18386535113174696,0.06254437431204872,0.128587593465218,0.5023455801846877,2212.2611939699273,0.06793767116631157,24.6031746031746,-0.01502515527236338,-0.023477641155056517,-0.019691487880220175,-0.027043901483586492,-1.6651105540532576,-1.1096906565656566,0.915993524672377,1.0917107742193586,0.7429385185241699,,
0.001,0.0001,0.1,0.02,0.01,0.08,2026-01-05 00:00:00+08:00,2026-07-15 00:00:00+08:00,191 days,127.0,4.0,100000.0,100420.0469,-7031.0,8030.0,0.4200469,0.008042430577574144,0.16205831937819395,1584.0,-8615.0,578.9531,12409.042,11.837954465478006,25.0,75.0,1.0,3.0,-1757.75,-2.0451306660945643,5.75,1584.0,1.7736571601330242,5.0,-2871.6666666666665,-3.3180599415037606,6.0,1584.0,1.7736571601330242,5.0,-4122.0,-4.780793319415449,10.0,1.0,3.0,0.049626767748995354,0.08769215729335483,0.18386535113174696,0.06254437431204872,0.128587593465218,0.5023455801846877,2212.2611939699273,0.06793767116631157,24.6031746031746,-0.01502515527236338,-0.023477641155056517,-0.019691487880220175,-0.027043901483586492,-1.6651105540532576,-1.1096906565656566,0.915993524672377,1.0917107742193586,0.720146656036377,,
1e-05,1e-05,0.001,0.03,0.005,0.03,2026-01-05 00:00:00+08:00,2026-07-15 00:00:00+08:00,191 days,127.0,6.0,100000.0,100240.7068,1108.0,0.0,0.2407068,0.004604937370371376,0.13052707529346233,6652.0,-5544.0,867.2932,8370.5796,7.946091561864985,33.33333333333333,66.66666666666666,2.0,4.0,184.66666666666666,0.2032024258894332,3.0,3326.0,3.6660886701722455,4.5,-1386.0,-1.5282406962519728,2.25,3421.0,3.714319837573152,5.0,-3141.0,-3.338435048785154,2.0,1.0,4.0,0.035279556827716815,0.0671431966232724,1.1998556998557,0.04202212259104843,0.1095836451477185,0.10412696468958049,1960.1268347490375,0.05795223141489419,14.285714285714285,-0.012299082491758432,-0.019788514710566894,-0.01616085834223768,-0.021459148636617003,0.1833917438510375,0.05552214872719974,0.9526136640569546,1.0497434980527556,0.6498417854309082,,
1e-05,1e-05,0.001,0.03,0.005,0.05,2026-01-05 00:00:00+08:00,2026-07-15 00:00:00+08:00,191 days,127.0,6.0,100000.0,100240.7068,1108.0,0.0,0.2407068,0.004604937370371376,0.13052707529346233,6652.0,-5544.0,867.2932,8370.5796,7.946091561864985,33.33333333333333,66.66666666666666,2.0,4.0,184.66666666666666,0.2032024258894332,3.0,3326.0,3.6660886701722455,4.5,-1386.0,-1.5282406962519728,2.25,3421.0,3.714319837573152,5.0,-3141.0,-3.338435048785154,2.0,1.0,4.0,0.035279556827716815,0.0671431966232724,1.1998556998557,0.04202212259104843,0.1095836451477185,0.10412696468958049,1960.1268347490375,0.05795223141489419,14.285714285714285,-0.012299082491758432,-0.019788514710566894,-0.01616085834223768,-0.021459148636617003,0.1833917438510375,0.05552214872719974,0.9526136640569546,1.0497434980527556,0.685192346572876,,
1e-05,1e-05,0.001,0.03,0.005,0.08,2026-01-05 00:00:00+08:00,2026-07-15 00:00:00+08:00,191 days,127.0,6.0,100000.0,100240.7068,1108.0,0.0,0.2407068,0.004604937370371376,0.13052707529346233,6652.0,-5544.0,867.2932,8370.5796,7.946091561864985,33.33333333333333,66.66666666666666,2.0,4.0,184.66666666666666,0.2032024258894332,3.0,3326.0,3.6660886701722455,4.5,-1386.0,-1.5282406962519728,2.25,3421.0,3.714319837573152,5.0,-3141.0,-3.338435048785154,2.0,1.0,4.0,0.035279556827716815,0.0671431966232724,1.1998556998557,0.04202212259104843,0.1095836451477185,0.10412696468958049,1960.1268347490375,0.05795223141489419,14.285714285714285,-0.012299082491758432,-0.019788514710566894,-0.01616085834223768,-0.021459148636617003,0.1833917438510375,0.05552214872719974,0.9526136640569546,1.0497434980527556,0.7310352325439453,,
0.0001,0.0001,0.01,0.03,0.005,0.03,2026-01-05 00:00:00+08:00,2026-07-15 00:00:00+08:00,191 days,127.0,6.0,100000.0,100240.7068,1108.0,0.0,0.2407068,0.004604937370371376,0.13052707529346233,6652.0,-5544.0,867.2932,8370.5796,7.946091561864985,33.33333333333333,66.66666666666666,2.0,4.0,184.66666666666666,0.2032024258894332,3.0,3326.0,3.6660886701722455,4.5,-1386.0,-1.5282406962519728,2.25,3421.0,3.714319837573152,5.0,-3141.0,-3.338435048785154,2.0,1.0,4.0,0.035279556827716815,0.0671431966232724,1.1998556998557,0.04202212259104843,0.1095836451477185,0.10412696468958049,1960.1268347490375,0.05795223141489419,14.285714285714285,-0.012299082491758432,-0.019788514710566894,-0.01616085834223768,-0.021459148636617003,0.1833917438510375,0.05552214872719974,0.9526136640569546,1.0497434980527556,0.6250467300415039,,
0.0001,0.0001,0.01,0.03,0.005,0.05,2026-01-05 00:00:00+08:00,2026-07-15 00:00:00+08:00,191 days,127.0,6.0,100000.0,100240.7068,1108.0,0.0,0.2407068,0.004604937370371376,0.13052707529346233,6652.0,-5544.0,867.2932,8370.5796,7.946091561864985,33.33333333333333,66.66666666666666,2.0,4.0,184.66666666666666,0.2032024258894332,3.0,3326.0,3.6660886701722455,4.5,-1386.0,-1.5282406962519728,2.25,3421.0,3.714319837573152,5.0,-3141.0,-3.338435048785154,2.0,1.0,4.0,0.035279556827716815,0.0671431966232724,1.1998556998557,0.04202212259104843,0.1095836451477185,0.10412696468958049,1960.1268347490375,0.05795223141489419,14.285714285714285,-0.012299082491758432,-0.019788514710566894,-0.01616085834223768,-0.021459148636617003,0.1833917438510375,0.05552214872719974,0.9526136640569546,1.0497434980527556,0.6645252704620361,,
0.0001,0.0001,0.01,0.03,0.005,0.08,2026-01-05 00:00:00+08:00,2026-07-15 00:00:00+08:00,191 days,127.0,6.0,100000.0,100240.7068,1108.0,0.0,0.2407068,0.004604937370371376,0.13052707529346233,6652.0,-5544.0,867.2932,8370.5796,7.946091561864985,33.33333333333333,66.66666666666666,2.0,4.0,184.66666666666666,0.2032024258894332,3.0,3326.0,3.6660886701722455,4.5,-1386.0,-1.5282406962519728,2.25,3421.0,3.714319837573152,5.0,-3141.0,-3.338435048785154,2.0,1.0,4.0,0.035279556827716815,0.0671431966232724,1.1998556998557,0.04202212259104843,0.1095836451477185,0.10412696468958049,1960.1268347490375,0.05795223141489419,14.285714285714285,-0.012299082491758432,-0.019788514710566894,-0.01616085834223768,-0.021459148636617003,0.1833917438510375,0.05552214872719974,0.9526136640569546,1.0497434980527556,0.6203141212463379,,
1e-05,1e-06,0.01,0.02,0.01,0.05,2026-01-05 00:00:00+08:00,2026-07-15 00:00:00+08:00,191 days,127.0,4.0,100000.0,100239.9929,-7211.0,8030.0,0.23999289999999998,0.0045912649104697945,0.1502215574044526,1584.0,-8795.0,579.0071,12589.096,12.009722040551665,25.0,75.0,1.0,3.0,-1802.75,-2.0947240029073693,4.25,1584.0,1.7736571601330242,5.0,-2931.6666666666665,-3.3841843905875004,4.0,1584.0,1.7736571601330242,5.0,-4302.0,-4.979166666666666,4.0,1.0,3.0,0.03056328924954754,0.05638031969237882,0.1801023308698124,0.06312117481251453,0.07273731713813922,0.5095692138482636,2231.57471653066,0.038229568469337324,19.841269841269842,-0.0129941002296657,-0.018145045191348772,-0.01755292883459156,-0.024405586251896483,-1.667297955229512,-1.1380997474747476,0.915993524672377,1.0917107742193586,1.0548033714294434,,
1e-05,1e-06,0.01,0.02,0.01,0.08,2026-01-05 00:00:00+08:00,2026-07-15 00:00:00+08:00,191 days,127.0,4.0,100000.0,100239.9929,-7211.0,8030.0,0.23999289999999998,0.0045912649104697945,0.1502215574044526,1584.0,-8795.0,579.0071,12589.096,12.009722040551665,25.0,75.0,1.0,3.0,-1802.75,-2.0947240029073693,4.25,1584.0,1.7736571601330242,5.0,-2931.6666666666665,-3.3841843905875004,4.0,1584.0,1.7736571601330242,5.0,-4302.0,-4.979166666666666,4.0,1.0,3.0,0.03056328924954754,0.05638031969237882,0.1801023308698124,0.06312117481251453,0.07273731713813922,0.5095692138482636,2231.57471653066,0.038229568469337324,19.841269841269842,-0.0129941002296657,-0.018145045191348772,-0.01755292883459156,-0.024405586251896483,-1.667297955229512,-1.1380997474747476,0.915993524672377,1.0917107742193586,0.9744861125946045,,
1e-05,1e-05,0.1,0.02,0.01,0.05,2026-01-05 00:00:00+08:00,2026-07-15 00:00:00+08:00,191 days,127.0,4.0,100000.0,100239.9929,-7211.0,8030.0,0.23999289999999998,0.0045912649104697945,0.1502215574044526,1584.0,-8795.0,579.0071,12589.096,12.009722040551665,25.0,75.0,1.0,3.0,-1802.75,-2.0947240029073693,4.25,1584.0,1.7736571601330242,5.0,-2931.6666666666665,-3.3841843905875004,4.0,1584.0,1.7736571601330242,5.0,-4302.0,-4.979166666666666,4.0,1.0,3.0,0.03056328924954754,0.05638031969237882,0.1801023308698124,0.06312117481251453,0.07273731713813922,0.5095692138482636,2231.57471653066,0.038229568469337324,19.841269841269842,-0.0129941002296657,-0.018145045191348772,-0.01755292883459156,-0.024405586251896483,-1.667297955229512,-1.1380997474747476,0.915993524672377,1.0917107742193586,0.7294690608978271,,
1e-05,1e-05,0.1,0.02,0.01,0.08,2026-01-05 00:00:00+08:00,2026-07-15 00:00:00+08:00,191 days,127.0,4.0,100000.0,100239.9929,-7211.0,8030.0,0.23999289999999998,0.0045912649104697945,0.1502215574044526,1584.0,-8795.0,579.0071,12589.096,12.009722040551665,25.0,75.0,1.0,3.0,-1802.75,-2.0947240029073693,4.25,1584.0,1.7736571601330242,5.0,-2931.6666666666665,-3.3841843905875004,4.0,1584.0,1.7736571601330242,5.0,-4302.0,-4.979166666666666,4.0,1.0,3.0,0.03056328924954754,0.05638031969237882,0.1801023308698124,0.06312117481251453,0.07273731713813922,0.5095692138482636,2231.57471653066,0.038229568469337324,19.841269841269842,-0.0129941002296657,-0.018145045191348772,-0.01755292883459156,-0.024405586251896483,-1.667297955229512,-1.1380997474747476,0.915993524672377,1.0917107742193586,0.6124377250671387,,
0.0001,1e-06,0.01,0.02,0.01,0.05,2026-01-05 00:00:00+08:00,2026-07-15 00:00:00+08:00,191 days,127.0,4.0,100000.0,100239.9929,-7211.0,8030.0,0.23999289999999998,0.0045912649104697945,0.1502215574044526,1584.0,-8795.0,579.0071,12589.096,12.009722040551665,25.0,75.0,1.0,3.0,-1802.75,-2.0947240029073693,4.25,1584.0,1.7736571601330242,5.0,-2931.6666666666665,-3.3841843905875004,4.0,1584.0,1.7736571601330242,5.0,-4302.0,-4.979166666666666,4.0,1.0,3.0,0.03056328924954754,0.05638031969237882,0.1801023308698124,0.06312117481251453,0.07273731713813922,0.5095692138482636,2231.57471653066,0.038229568469337324,19.841269841269842,-0.0129941002296657,-0.018145045191348772,-0.01755292883459156,-0.024405586251896483,-1.667297955229512,-1.1380997474747476,0.915993524672377,1.0917107742193586,0.64345383644104,,
0.0001,1e-06,0.01,0.02,0.01,0.08,2026-01-05 00:00:00+08:00,2026-07-15 00:00:00+08:00,191 days,127.0,4.0,100000.0,100239.9929,-7211.0,8030.0,0.23999289999999998,0.0045912649104697945,0.1502215574044526,1584.0,-8795.0,579.0071,12589.096,12.009722040551665,25.0,75.0,1.0,3.0,-1802.75,-2.0947240029073693,4.25,1584.0,1.7736571601330242,5.0,-2931.6666666666665,-3.3841843905875004,4.0,1584.0,1.7736571601330242,5.0,-4302.0,-4.979166666666666,4.0,1.0,3.0,0.03056328924954754,0.05638031969237882,0.1801023308698124,0.06312117481251453,0.07273731713813922,0.5095692138482636,2231.57471653066,0.038229568469337324,19.841269841269842,-0.0129941002296657,-0.018145045191348772,-0.01755292883459156,-0.024405586251896483,-1.667297955229512,-1.1380997474747476,0.915993524672377,1.0917107742193586,0.644721508026123,,
0.0001,1e-05,0.1,0.02,0.01,0.05,2026-01-05 00:00:00+08:00,2026-07-15 00:00:00+08:00,191 days,127.0,4.0,100000.0,100239.9929,-7211.0,8030.0,0.23999289999999998,0.0045912649104697945,0.1502215574044526,1584.0,-8795.0,579.0071,12589.096,12.009722040551665,25.0,75.0,1.0,3.0,-1802.75,-2.0947240029073693,4.25,1584.0,1.7736571601330242,5.0,-2931.6666666666665,-3.3841843905875004,4.0,1584.0,1.7736571601330242,5.0,-4302.0,-4.979166666666666,4.0,1.0,3.0,0.03056328924954754,0.05638031969237882,0.1801023308698124,0.06312117481251453,0.07273731713813922,0.5095692138482636,2231.57471653066,0.038229568469337324,19.841269841269842,-0.0129941002296657,-0.018145045191348772,-0.01755292883459156,-0.024405586251896483,-1.667297955229512,-1.1380997474747476,0.915993524672377,1.0917107742193586,0.6736085414886475,,
0.0001,1e-05,0.1,0.02,0.01,0.08,2026-01-05 00:00:00+08:00,2026-07-15 00:00:00+08:00,191 days,127.0,4.0,100000.0,100239.9929,-7211.0,8030.0,0.23999289999999998,0.0045912649104697945,0.1502215574044526,1584.0,-8795.0,579.0071,12589.096,12.009722040551665,25.0,75.0,1.0,3.0,-1802.75,-2.0947240029073693,4.25,1584.0,1.7736571601330242,5.0,-2931.6666666666665,-3.3841843905875004,4.0,1584.0,1.7736571601330242,5.0,-4302.0,-4.979166666666666,4.0,1.0,3.0,0.03056328924954754,0.05638031969237882,0.1801023308698124,0.06312117481251453,0.07273731713813922,0.5095692138482636,2231.57471653066,0.038229568469337324,19.841269841269842,-0.0129941002296657,-0.018145045191348772,-0.01755292883459156,-0.024405586251896483,-1.667297955229512,-1.1380997474747476,0.915993524672377,1.0917107742193586,0.6243586540222168,,
0.001,1e-05,0.1,0.02,0.01,0.05,2026-01-05 00:00:00+08:00,2026-07-15 00:00:00+08:00,191 days,127.0,4.0,100000.0,100239.9929,-7211.0,8030.0,0.23999289999999998,0.0045912649104697945,0.1502215574044526,1584.0,-8795.0,579.0071,12589.096,12.009722040551665,25.0,75.0,1.0,3.0,-1802.75,-2.0947240029073693,4.25,1584.0,1.7736571601330242,5.0,-2931.6666666666665,-3.3841843905875004,4.0,1584.0,1.7736571601330242,5.0,-4302.0,-4.979166666666666,4.0,1.0,3.0,0.03056328924954754,0.05638031969237882,0.1801023308698124,0.06312117481251453,0.07273731713813922,0.5095692138482636,2231.57471653066,0.038229568469337324,19.841269841269842,-0.0129941002296657,-0.018145045191348772,-0.01755292883459156,-0.024405586251896483,-1.667297955229512,-1.1380997474747476,0.915993524672377,1.0917107742193586,0.7171964645385742,,
0.001,1e-05,0.1,0.02,0.01,0.08,2026-01-05 00:00:00+08:00,2026-07-15 00:00:00+08:00,191 days,127.0,4.0,100000.0,100239.9929,-7211.0,8030.0,0.23999289999999998,0.0045912649104697945,0.1502215574044526,1584.0,-8795.0,579.0071,12589.096,12.009722040551665,25.0,75.0,1.0,3.0,-1802.75,-2.0947240029073693,4.25,1584.0,1.7736571601330242,5.0,-2931.6666666666665,-3.3841843905875004,4.0,1584.0,1.7736571601330242,5.0,-4302.0,-4.979166666666666,4.0,1.0,3.0,0.03056328924954754,0.05638031969237882,0.1801023308698124,0.06312117481251453,0.07273731713813922,0.5095692138482636,2231.57471653066,0.038229568469337324,19.841269841269842,-0.0129941002296657,-0.018145045191348772,-0.01755292883459156,-0.024405586251896483,-1.667297955229512,-1.1380997474747476,0.915993524672377,1.0917107742193586,0.64200758934021,,
1e-05,1e-06,0.001,0.02,0.01,0.03,2026-01-05 00:00:00+08:00,2026-07-15 00:00:00+08:00,191 days,127.0,4.0,100000.0,100222.3043,-7229.0,8030.0,0.2223043,0.0042525249602902715,0.16291736814089627,1584.0,-8813.0,578.6957,12606.7846,12.026596577792983,25.0,75.0,1.0,3.0,-1807.25,-2.102541939580995,5.5,1584.0,1.7736571601330242,5.0,-2937.6666666666665,-3.3946083061523344,5.666666666666667,1584.0,1.7736571601330242,5.0,-4320.0,-5.010438413361169,9.0,1.0,3.0,0.026102342609736665,0.04574280991726456,0.1797344831498922,0.06322183104665724,0.06726355263503742,0.5088330214677752,2241.1474724503587,0.035359338219945996,23.809523809523807,-0.01502515527236338,-0.023477641155056517,-0.020121361577388957,-0.0270746387948153,-1.6674436219390014,-1.1409406565656564,0.915993524672377,1.0917107742193586,0.6123056411743164,,
1e-05,1e-05,0.01,0.02,0.01,0.03,2026-01-05 00:00:00+08:00,2026-07-15 00:00:00+08:00,191 days,127.0,4.0,100000.0,100222.3043,-7229.0,8030.0,0.2223043,0.0042525249602902715,0.16291736814089627,1584.0,-8813.0,578.6957,12606.7846,12.026596577792983,25.0,75.0,1.0,3.0,-1807.25,-2.102541939580995,5.5,1584.0,1.7736571601330242,5.0,-2937.6666666666665,-3.3946083061523344,5.666666666666667,1584.0,1.7736571601330242,5.0,-4320.0,-5.010438413361169,9.0,1.0,3.0,0.026102342609736665,0.04574280991726456,0.1797344831498922,0.06322183104665724,0.06726355263503742,0.5088330214677752,2241.1474724503587,0.035359338219945996,23.809523809523807,-0.01502515527236338,-0.023477641155056517,-0.020121361577388957,-0.0270746387948153,-1.6674436219390014,-1.1409406565656564,0.915993524672377,1.0917107742193586,0.6232931613922119,,
1e-05,0.0001,0.1,0.02,0.01,0.03,2026-01-05 00:00:00+08:00,2026-07-15 00:00:00+08:00,191 days,127.0,4.0,100000.0,100222.3043,-7229.0,8030.0,0.2223043,0.0042525249602902715,0.16291736814089627,1584.0,-8813.0,578.6957,12606.7846,12.026596577792983,25.0,75.0,1.0,3.0,-1807.25,-2.102541939580995,5.5,1584.0,1.7736571601330242,5.0,-2937.6666666666665,-3.3946083061523344,5.666666666666667,1584.0,1.7736571601330242,5.0,-4320.0,-5.010438413361169,9.0,1.0,3.0,0.026102342609736665,0.04574280991726456,0.1797344831498922,0.06322183104665724,0.06726355263503742,0.5088330214677752,2241.1474724503587,0.035359338219945996,23.809523809523807,-0.01502515527236338,-0.023477641155056517,-0.020121361577388957,-0.0270746387948153,-1.6674436219390014,-1.1409406565656564,0.915993524672377,1.0917107742193586,0.6548643112182617,,
0.0001,1e-05,0.01,0.02,0.01,0.03,2026-01-05 00:00:00+08:00,2026-07-15 00:00:00+08:00,191 days,127.0,4.0,100000.0,100222.3043,-7229.0,8030.0,0.2223043,0.0042525249602902715,0.16291736814089627,1584.0,-8813.0,578.6957,12606.7846,12.026596577792983,25.0,75.0,1.0,3.0,-1807.25,-2.102541939580995,5.5,1584.0,1.7736571601330242,5.0,-2937.6666666666665,-3.3946083061523344,5.666666666666667,1584.0,1.7736571601330242,5.0,-4320.0,-5.010438413361169,9.0,1.0,3.0,0.026102342609736665,0.04574280991726456,0.1797344831498922,0.06322183104665724,0.06726355263503742,0.5088330214677752,2241.1474724503587,0.035359338219945996,23.809523809523807,-0.01502515527236338,-0.023477641155056517,-0.020121361577388957,-0.0270746387948153,-1.6674436219390014,-1.1409406565656564,0.915993524672377,1.0917107742193586,0.6246635913848877,,
0.0001,0.0001,0.1,0.02,0.01,0.03,2026-01-05 00:00:00+08:00,2026-07-15 00:00:00+08:00,191 days,127.0,4.0,100000.0,100222.3043,-7229.0,8030.0,0.2223043,0.0042525249602902715,0.16291736814089627,1584.0,-8813.0,578.6957,12606.7846,12.026596577792983,25.0,75.0,1.0,3.0,-1807.25,-2.102541939580995,5.5,1584.0,1.7736571601330242,5.0,-2937.6666666666665,-3.3946083061523344,5.666666666666667,1584.0,1.7736571601330242,5.0,-4320.0,-5.010438413361169,9.0,1.0,3.0,0.026102342609736665,0.04574280991726456,0.1797344831498922,0.06322183104665724,0.06726355263503742,0.5088330214677752,2241.1474724503587,0.035359338219945996,23.809523809523807,-0.01502515527236338,-0.023477641155056517,-0.020121361577388957,-0.0270746387948153,-1.6674436219390014,-1.1409406565656564,0.915993524672377,1.0917107742193586,0.64646315574646,,
0.001,0.0001,0.1,0.02,0.01,0.03,2026-01-05 00:00:00+08:00,2026-07-15 00:00:00+08:00,191 days,127.0,4.0,100000.0,100222.3043,-7229.0,8030.0,0.2223043,0.0042525249602902715,0.16291736814089627,1584.0,-8813.0,578.6957,12606.7846,12.026596577792983,25.0,75.0,1.0,3.0,-1807.25,-2.102541939580995,5.5,1584.0,1.7736571601330242,5.0,-2937.6666666666665,-3.3946083061523344,5.666666666666667,1584.0,1.7736571601330242,5.0,-4320.0,-5.010438413361169,9.0,1.0,3.0,0.026102342609736665,0.04574280991726456,0.1797344831498922,0.06322183104665724,0.06726355263503742,0.5088330214677752,2241.1474724503587,0.035359338219945996,23.809523809523807,-0.01502515527236338,-0.023477641155056517,-0.020121361577388957,-0.0270746387948153,-1.6674436219390014,-1.1409406565656564,0.915993524672377,1.0917107742193586,0.6709895133972168,,
0.0001,1e-05,0.001,0.02,0.01,0.03,2026-01-05 00:00:00+08:00,2026-07-15 00:00:00+08:00,191 days,127.0,6.0,100000.0,99753.8616,600.0,0.0,-0.2461384,-0.004698417988928227,0.15482451776104011,7253.0,-6653.0,846.1384,10408.0666,9.929067730165029,50.0,50.0,3.0,3.0,100.0,0.06697250250944425,4.5,2417.6666666666665,2.6917405067175,6.0,-2217.6666666666665,-2.5577955016986116,3.0,5489.0,6.092796092796093,8.0,-2792.0,-3.338435048785154,2.0,1.0,2.0,-0.030346730975644817,-0.05373182310216087,1.090184879001954,0.05504019570472127,-0.08536339540168467,0.31903204144518127,2135.7756526484195,-0.04731983018560934,21.428571428571427,-0.01278305843319497,-0.023477641155056517,-0.018694593775958196,-0.02781833888952602,0.08663427418847253,0.04136219495381216,0.9583818861455621,1.043425396969697,0.6856014728546143,,
0.0001,1e-05,0.001,0.02,0.01,0.05,2026-01-05 00:00:00+08:00,2026-07-15 00:00:00+08:00,191 days,127.0,6.0,100000.0,99753.8616,600.0,0.0,-0.2461384,-0.004698417988928227,0.15482451776104011,7253.0,-6653.0,846.1384,10408.0666,9.929067730165029,50.0,50.0,3.0,3.0,100.0,0.06697250250944425,4.5,2417.6666666666665,2.6917405067175,6.0,-2217.6666666666665,-2.5577955016986116,3.0,5489.0,6.092796092796093,8.0,-2792.0,-3.338435048785154,2.0,1.0,2.0,-0.030346730975644817,-0.05373182310216087,1.090184879001954,0.05504019570472127,-0.08536339540168467,0.31903204144518127,2135.7756526484195,-0.04731983018560934,21.428571428571427,-0.01278305843319497,-0.023477641155056517,-0.018694593775958196,-0.02781833888952602,0.08663427418847253,0.04136219495381216,0.9583818861455621,1.043425396969697,0.6514489650726318,,
0.0001,1e-05,0.001,0.02,0.01,0.08,2026-01-05 00:00:00+08:00,2026-07-15 00:00:00+08:00,191 days,127.0,6.0,100000.0,99753.8616,600.0,0.0,-0.2461384,-0.004698417988928227,0.15482451776104011,7253.0,-6653.0,846.1384,10408.0666,9.929067730165029,50.0,50.0,3.0,3.0,100.0,0.06697250250944425,4.5,2417.6666666666665,2.6917405067175,6.0,-2217.6666666666665,-2.5577955016986116,3.0,5489.0,6.092796092796093,8.0,-2792.0,-3.338435048785154,2.0,1.0,2.0,-0.030346730975644817,-0.05373182310216087,1.090184879001954,0.05504019570472127,-0.08536339540168467,0.31903204144518127,2135.7756526484195,-0.04731983018560934,21.428571428571427,-0.01278305843319497,-0.023477641155056517,-0.018694593775958196,-0.02781833888952602,0.08663427418847253,0.04136219495381216,0.9583818861455621,1.043425396969697,0.7707674503326416,,
0.001,0.0001,0.01,0.02,0.01,0.03,2026-01-05 00:00:00+08:00,2026-07-15 00:00:00+08:00,191 days,127.0,6.0,100000.0,99753.8616,600.0,0.0,-0.2461384,-0.004698417988928227,0.15482451776104011,7253.0,-6653.0,846.1384,10408.0666,9.929067730165029,50.0,50.0,3.0,3.0,100.0,0.06697250250944425,4.5,2417.6666666666665,2.6917405067175,6.0,-2217.6666666666665,-2.5577955016986116,3.0,5489.0,6.092796092796093,8.0,-2792.0,-3.338435048785154,2.0,1.0,2.0,-0.030346730975644817,-0.05373182310216087,1.090184879001954,0.05504019570472127,-0.08536339540168467,0.31903204144518127,2135.7756526484195,-0.04731983018560934,21.428571428571427,-0.01278305843319497,-0.023477641155056517,-0.018694593775958196,-0.02781833888952602,0.08663427418847253,0.04136219495381216,0.9583818861455621,1.043425396969697,0.67848801612854,,
0.001,0.0001,0.01,0.02,0.01,0.05,2026-01-05 00:00:00+08:00,2026-07-15 00:00:00+08:00,191 days,127.0,6.0,100000.0,99753.8616,600.0,0.0,-0.2461384,-0.004698417988928227,0.15482451776104011,7253.0,-6653.0,846.1384,10408.0666,9.929067730165029,50.0,50.0,3.0,3.0,100.0,0.06697250250944425,4.5,2417.6666666666665,2.6917405067175,6.0,-2217.6666666666665,-2.5577955016986116,3.0,5489.0,6.092796092796093,8.0,-2792.0,-3.338435048785154,2.0,1.0,2.0,-0.030346730975644817,-0.05373182310216087,1.090184879001954,0.05504019570472127,-0.08536339540168467,0.31903204144518127,2135.7756526484195,-0.04731983018560934,21.428571428571427,-0.01278305843319497,-0.023477641155056517,-0.018694593775958196,-0.02781833888952602,0.08663427418847253,0.04136219495381216,0.9583818861455621,1.043425396969697,0.7226240634918213,,
0.001,0.0001,0.01,0.02,0.01,0.08,2026-01-05 00:00:00+08:00,2026-07-15 00:00:00+08:00,191 days,127.0,6.0,100000.0,99753.8616,600.0,0.0,-0.2461384,-0.004698417988928227,0.15482451776104011,7253.0,-6653.0,846.1384,10408.0666,9.929067730165029,50.0,50.0,3.0,3.0,100.0,0.06697250250944425,4.5,2417.6666666666665,2.6917405067175,6.0,-2217.6666666666665,-2.5577955016986116,3.0,5489.0,6.092796092796093,8.0,-2792.0,-3.338435048785154,2.0,1.0,2.0,-0.030346730975644817,-0.05373182310216087,1.090184879001954,0.05504019570472127,-0.08536339540168467,0.31903204144518127,2135.7756526484195,-0.04731983018560934,21.428571428571427,-0.01278305843319497,-0.023477641155056517,-0.018694593775958196,-0.02781833888952602,0.08663427418847253,0.04136219495381216,0.9583818861455621,1.043425396969697,0.6598408222198486,,
0.001,0.0001,0.001,0.02,0.01,0.03,2026-01-05 00:00:00+08:00,2026-07-15 00:00:00+08:00,191 days,127.0,6.0,100000.0,99589.2286,442.0,0.0,-0.4107714,-0.007835130726734363,0.1600227555837243,7444.0,-7002.0,852.7714,10965.9033,10.197690103505225,33.33333333333333,66.66666666666666,2.0,4.0,73.66666666666667,0.1495975826421223,5.166666666666667,3722.0,4.285486000474284,9.0,-1750.5,-1.9183466262739586,3.25,4284.0,4.79693641035977,11.0,-3141.0,-3.338435048785154,2.0,1.0,4.0,-0.04896260346319935,-0.08360243002157937,1.0631248214795772,0.057934573905755626,-0.13524101755680584,0.11956678849508284,2426.903100780355,-0.07683240662550839,24.6031746031746,-0.014001835666050871,-0.029210306429068657,-0.020766737692965904,-0.02929212821840002,0.06536103598495388,0.019792226401576074,0.9189518870763064,1.0881962527783173,0.6724894046783447,,
0.001,0.0001,0.001,0.02,0.01,0.05,2026-01-05 00:00:00+08:00,2026-07-15 00:00:00+08:00,191 days,127.0,6.0,100000.0,99589.2286,442.0,0.0,-0.4107714,-0.007835130726734363,0.1600227555837243,7444.0,-7002.0,852.7714,10965.9033,10.197690103505225,33.33333333333333,66.66666666666666,2.0,4.0,73.66666666666667,0.1495975826421223,5.166666666666667,3722.0,4.285486000474284,9.0,-1750.5,-1.9183466262739586,3.25,4284.0,4.79693641035977,11.0,-3141.0,-3.338435048785154,2.0,1.0,4.0,-0.04896260346319935,-0.08360243002157937,1.0631248214795772,0.057934573905755626,-0.13524101755680584,0.11956678849508284,2426.903100780355,-0.07683240662550839,24.6031746031746,-0.014001835666050871,-0.029210306429068657,-0.020766737692965904,-0.02929212821840002,0.06536103598495388,0.019792226401576074,0.9189518870763064,1.0881962527783173,0.7094123363494873,,
0.001,0.0001,0.001,0.02,0.01,0.08,2026-01-05 00:00:00+08:00,2026-07-15 00:00:00+08:00,191 days,127.0,6.0,100000.0,99589.2286,442.0,0.0,-0.4107714,-0.007835130726734363,0.1600227555837243,7444.0,-7002.0,852.7714,10965.9033,10.197690103505225,33.33333333333333,66.66666666666666,2.0,4.0,73.66666666666667,0.1495975826421223,5.166666666666667,3722.0,4.285486000474284,9.0,-1750.5,-1.9183466262739586,3.25,4284.0,4.79693641035977,11.0,-3141.0,-3.338435048785154,2.0,1.0,4.0,-0.04896260346319935,-0.08360243002157937,1.0631248214795772,0.057934573905755626,-0.13524101755680584,0.11956678849508284,2426.903100780355,-0.07683240662550839,24.6031746031746,-0.014001835666050871,-0.029210306429068657,-0.020766737692965904,-0.02929212821840002,0.06536103598495388,0.019792226401576074,0.9189518870763064,1.0881962527783173,0.9277832508087158,,
0.001,0.0001,0.001,0.03,0.01,0.03,2026-01-05 00:00:00+08:00,2026-07-15 00:00:00+08:00,191 days,127.0,6.0,100000.0,99589.2286,442.0,0.0,-0.4107714,-0.007835130726734363,0.1600227555837243,7444.0,-7002.0,852.7714,10965.9033,10.197690103505225,33.33333333333333,66.66666666666666,2.0,4.0,73.66666666666667,0.1495975826421223,5.166666666666667,3722.0,4.285486000474284,9.0,-1750.5,-1.9183466262739586,3.25,4284.0,4.79693641035977,11.0,-3141.0,-3.338435048785154,2.0,1.0,4.0,-0.04896260346319935,-0.08360243002157937,1.0631248214795772,0.057934573905755626,-0.13524101755680584,0.11956678849508284,2426.903100780355,-0.07683240662550839,24.6031746031746,-0.014001835666050871,-0.029210306429068657,-0.020766737692965904,-0.02929212821840002,0.06536103598495388,0.019792226401576074,0.9189518870763064,1.0881962527783173,0.759049654006958,,
0.001,0.0001,0.001,0.03,0.01,0.05,2026-01-05 00:00:00+08:00,2026-07-15 00:00:00+08:00,191 days,127.0,6.0,100000.0,99589.2286,442.0,0.0,-0.4107714,-0.007835130726734363,0.1600227555837243,7444.0,-7002.0,852.7714,10965.9033,10.197690103505225,33.33333333333333,66.66666666666666,2.0,4.0,73.66666666666667,0.1495975826421223,5.166666666666667,3722.0,4.285486000474284,9.0,-1750.5,-1.9183466262739586,3.25,4284.0,4.79693641035977,11.0,-3141.0,-3.338435048785154,2.0,1.0,4.0,-0.04896260346319935,-0.08360243002157937,1.0631248214795772,0.057934573905755626,-0.13524101755680584,0.11956678849508284,2426.903100780355,-0.07683240662550839,24.6031746031746,-0.014001835666050871,-0.029210306429068657,-0.020766737692965904,-0.02929212821840002,0.06536103598495388,0.019792226401576074,0.9189518870763064,1.0881962527783173,0.7525033950805664,,
0.001,0.0001,0.001,0.03,0.01,0.08,2026-01-05 00:00:00+08:00,2026-07-15 00:00:00+08:00,191 days,127.0,6.0,100000.0,99589.2286,442.0,0.0,-0.4107714,-0.007835130726734363,0.1600227555837243,7444.0,-7002.0,852.7714,10965.9033,10.197690103505225,33.33333333333333,66.66666666666666,2.0,4.0,73.66666666666667,0.1495975826421223,5.166666666666667,3722.0,4.285486000474284,9.0,-1750.5,-1.9183466262739586,3.25,4284.0,4.79693641035977,11.0,-3141.0,-3.338435048785154,2.0,1.0,4.0,-0.04896260346319935,-0.08360243002157937,1.0631248214795772,0.057934573905755626,-0.13524101755680584,0.11956678849508284,2426.903100780355,-0.07683240662550839,24.6031746031746,-0.014001835666050871,-0.029210306429068657,-0.020766737692965904,-0.02929212821840002,0.06536103598495388,0.019792226401576074,0.9189518870763064,1.0881962527783173,0.7540457248687744,,
0.001,0.0001,0.001,0.01,0.005,0.03,2026-01-05 00:00:00+08:00,2026-07-15 00:00:00+08:00,191 days,127.0,7.0,100000.0,99248.9809,267.0,0.0,-0.7510191,-0.014302828579012772,0.1444302553400752,8952.0,-8685.0,1018.0191,7932.6018,7.567528492624079,42.857142857142854,57.14285714285714,3.0,4.0,38.142857142857146,0.08835505574870768,3.2857142857142856,2984.0,3.3011381836640963,4.666666666666667,-2171.25,-2.321232290187834,2.25,3231.0,3.617857502771339,4.0,-3969.0,-4.068265682656827,3.0,1.0,3.0,-0.09902931034315046,-0.1746570917146817,1.030742659758204,0.044127667589750695,-0.3241238288863202,0.19459145028313296,1540.0750522092703,-0.18900263927586738,18.253968253968253,-0.013933010197799743,-0.022893312975986804,-0.018215491737236657,-0.026796442244862134,0.036336013328759985,0.012782458828035248,0.9533594275290836,1.0489223383375978,0.718195915222168,,
0.001,0.0001,0.001,0.01,0.005,0.05,2026-01-05 00:00:00+08:00,2026-07-15 00:00:00+08:00,191 days,127.0,7.0,100000.0,99248.9809,267.0,0.0,-0.7510191,-0.014302828579012772,0.1444302553400752,8952.0,-8685.0,1018.0191,7932.6018,7.567528492624079,42.857142857142854,57.14285714285714,3.0,4.0,38.142857142857146,0.08835505574870768,3.2857142857142856,2984.0,3.3011381836640963,4.666666666666667,-2171.25,-2.321232290187834,2.25,3231.0,3.617857502771339,4.0,-3969.0,-4.068265682656827,3.0,1.0,3.0,-0.09902931034315046,-0.1746570917146817,1.030742659758204,0.044127667589750695,-0.3241238288863202,0.19459145028313296,1540.0750522092703,-0.18900263927586738,18.253968253968253,-0.013933010197799743,-0.022893312975986804,-0.018215491737236657,-0.026796442244862134,0.036336013328759985,0.012782458828035248,0.9533594275290836,1.0489223383375978,0.7450046539306641,,
0.001,0.0001,0.001,0.01,0.005,0.08,2026-01-05 00:00:00+08:00,2026-07-15 00:00:00+08:00,191 days,127.0,7.0,100000.0,99248.9809,267.0,0.0,-0.7510191,-0.014302828579012772,0.1444302553400752,8952.0,-8685.0,1018.0191,7932.6018,7.567528492624079,42.857142857142854,57.14285714285714,3.0,4.0,38.142857142857146,0.08835505574870768,3.2857142857142856,2984.0,3.3011381836640963,4.666666666666667,-2171.25,-2.321232290187834,2.25,3231.0,3.617857502771339,4.0,-3969.0,-4.068265682656827,3.0,1.0,3.0,-0.09902931034315046,-0.1746570917146817,1.030742659758204,0.044127667589750695,-0.3241238288863202,0.19459145028313296,1540.0750522092703,-0.18900263927586738,18.253968253968253,-0.013933010197799743,-0.022893312975986804,-0.018215491737236657,-0.026796442244862134,0.036336013328759985,0.012782458828035248,0.9533594275290836,1.0489223383375978,0.6778151988983154,,
0.0001,1e-05,0.001,0.03,0.005,0.03,2026-01-05 00:00:00+08:00,2026-07-15 00:00:00+08:00,191 days,127.0,6.0,100000.0,99205.2865,59.0,0.0,-0.7947135,-0.015131945219035048,0.12603710230004703,6341.0,-6282.0,853.7135,8590.9104,8.19554048831501,33.33333333333333,66.66666666666666,2.0,4.0,9.833333333333334,0.07167935789584962,2.8333333333333335,3170.5,3.6660886701722455,4.5,-1570.5,-1.7255252982423486,2.0,3231.0,3.617857502771339,4.0,-3141.0,-3.338435048785154,2.0,1.0,4.0,-0.12005945029592609,-0.22216698505795093,1.0093919134033746,0.04386114648167712,-0.3449965728861278,0.21295800168431234,1977.4664909883222,-0.1846363304605692,13.492063492063492,-0.012392261581119151,-0.01993360498562841,-0.016088500893346677,-0.02161807984168832,0.009924819785296196,0.003101508699994593,0.9205213638654769,1.0863408925141882,0.6939332485198975,,
0.0001,1e-05,0.001,0.03,0.005,0.05,2026-01-05 00:00:00+08:00,2026-07-15 00:00:00+08:00,191 days,127.0,6.0,100000.0,99205.2865,59.0,0.0,-0.7947135,-0.015131945219035048,0.12603710230004703,6341.0,-6282.0,853.7135,8590.9104,8.19554048831501,33.33333333333333,66.66666666666666,2.0,4.0,9.833333333333334,0.07167935789584962,2.8333333333333335,3170.5,3.6660886701722455,4.5,-1570.5,-1.7255252982423486,2.0,3231.0,3.617857502771339,4.0,-3141.0,-3.338435048785154,2.0,1.0,4.0,-0.12005945029592609,-0.22216698505795093,1.0093919134033746,0.04386114648167712,-0.3449965728861278,0.21295800168431234,1977.4664909883222,-0.1846363304605692,13.492063492063492,-0.012392261581119151,-0.01993360498562841,-0.016088500893346677,-0.02161807984168832,0.009924819785296196,0.003101508699994593,0.9205213638654769,1.0863408925141882,0.7485802173614502,,
0.0001,1e-05,0.001,0.03,0.005,0.08,2026-01-05 00:00:00+08:00,2026-07-15 00:00:00+08:00,191 days,127.0,6.0,100000.0,99205.2865,59.0,0.0,-0.7947135,-0.015131945219035048,0.12603710230004703,6341.0,-6282.0,853.7135,8590.9104,8.19554048831501,33.33333333333333,66.66666666666666,2.0,4.0,9.833333333333334,0.07167935789584962,2.8333333333333335,3170.5,3.6660886701722455,4.5,-1570.5,-1.7255252982423486,2.0,3231.0,3.617857502771339,4.0,-3141.0,-3.338435048785154,2.0,1.0,4.0,-0.12005945029592609,-0.22216698505795093,1.0093919134033746,0.04386114648167712,-0.3449965728861278,0.21295800168431234,1977.4664909883222,-0.1846363304605692,13.492063492063492,-0.012392261581119151,-0.01993360498562841,-0.016088500893346677,-0.02161807984168832,0.009924819785296196,0.003101508699994593,0.9205213638654769,1.0863408925141882,0.6897521018981934,,
0.001,0.0001,0.01,0.03,0.005,0.03,2026-01-05 00:00:00+08:00,2026-07-15 00:00:00+08:00,191 days,127.0,6.0,100000.0,99205.2865,59.0,0.0,-0.7947135,-0.015131945219035048,0.12603710230004703,6341.0,-6282.0,853.7135,8590.9104,8.19554048831501,33.33333333333333,66.66666666666666,2.0,4.0,9.833333333333334,0.07167935789584962,2.8333333333333335,3170.5,3.6660886701722455,4.5,-1570.5,-1.7255252982423486,2.0,3231.0,3.617857502771339,4.0,-3141.0,-3.338435048785154,2.0,1.0,4.0,-0.12005945029592609,-0.22216698505795093,1.0093919134033746,0.04386114648167712,-0.3449965728861278,0.21295800168431234,1977.4664909883222,-0.1846363304605692,13.492063492063492,-0.012392261581119151,-0.01993360498562841,-0.016088500893346677,-0.02161807984168832,0.009924819785296196,0.003101508699994593,0.9205213638654769,1.0863408925141882,0.6484208106994629,,
0.001,0.0001,0.01,0.03,0.005,0.05,2026-01-05 00:00:00+08:00,2026-07-15 00:00:00+08:00,191 days,127.0,6.0,100000.0,99205.2865,59.0,0.0,-0.7947135,-0.015131945219035048,0.12603710230004703,6341.0,-6282.0,853.7135,8590.9104,8.19554048831501,33.33333333333333,66.66666666666666,2.0,4.0,9.833333333333334,0.07167935789584962,2.8333333333333335,3170.5,3.6660886701722455,4.5,-1570.5,-1.7255252982423486,2.0,3231.0,3.617857502771339,4.0,-3141.0,-3.338435048785154,2.0,1.0,4.0,-0.12005945029592609,-0.22216698505795093,1.0093919134033746,0.04386114648167712,-0.3449965728861278,0.21295800168431234,1977.4664909883222,-0.1846363304605692,13.492063492063492,-0.012392261581119151,-0.01993360498562841,-0.016088500893346677,-0.02161807984168832,0.009924819785296196,0.003101508699994593,0.9205213638654769,1.0863408925141882,0.6599538326263428,,
0.001,0.0001,0.01,0.03,0.005,0.08,2026-01-05 00:00:00+08:00,2026-07-15 00:00:00+08:00,191 days,127.0,6.0,100000.0,99205.2865,59.0,0.0,-0.7947135,-0.015131945219035048,0.12603710230004703,6341.0,-6282.0,853.7135,8590.9104,8.19554048831501,33.33333333333333,66.66666666666666,2.0,4.0,9.833333333333334,0.07167935789584962,2.8333333333333335,3170.5,3.6660886701722455,4.5,-1570.5,-1.7255252982423486,2.0,3231.0,3.617857502771339,4.0,-3141.0,-3.338435048785154,2.0,1.0,4.0,-0.12005945029592609,-0.22216698505795093,1.0093919134033746,0.04386114648167712,-0.3449965728861278,0.21295800168431234,1977.4664909883222,-0.1846363304605692,13.492063492063492,-0.012392261581119151,-0.01993360498562841,-0.016088500893346677,-0.02161807984168832,0.009924819785296196,0.003101508699994593,0.9205213638654769,1.0863408925141882,0.7398691177368164,,
0.001,1e-05,0.001,0.01,0.005,0.03,2026-01-05 00:00:00+08:00,2026-07-15 00:00:00+08:00,191 days,127.0,6.0,100000.0,98876.3139,-271.0,0.0,-1.1236861,-0.021363636242565764,0.14915997735114175,6571.0,-6842.0,852.6861,10972.498,10.467522931790263,50.0,50.0,3.0,3.0,-45.166666666666664,0.017763664727473177,4.333333333333333,2190.3333333333335,2.533553786861173,5.333333333333333,-2280.6666666666665,-2.498026457406227,3.3333333333333335,3231.0,3.617857502771339,4.0,-3969.0,-4.068265682656827,3.0,2.0,3.0,-0.1432263306950833,-0.23283038575603446,0.9603916983338207,0.05685697334063009,-0.37574346623370597,0.4096130844482251,1687.6967708478744,-0.20409447757390237,20.634920634920633,-0.01502515527236338,-0.029579055495488362,-0.021227742946909187,-0.03013931350461291,-0.04085483044381406,-0.020620910059351627,0.9458499476013459,1.0572501510794365,0.6453394889831543,,
0.001,1e-05,0.001,0.01,0.005,0.05,2026-01-05 00:00:00+08:00,2026-07-15 00:00:00+08:00,191 days,127.0,6.0,100000.0,98876.3139,-271.0,0.0,-1.1236861,-0.021363636242565764,0.14915997735114175,6571.0,-6842.0,852.6861,10972.498,10.467522931790263,50.0,50.0,3.0,3.0,-45.166666666666664,0.017763664727473177,4.333333333333333,2190.3333333333335,2.533553786861173,5.333333333333333,-2280.6666666666665,-2.498026457406227,3.3333333333333335,3231.0,3.617857502771339,4.0,-3969.0,-4.068265682656827,3.0,2.0,3.0,-0.1432263306950833,-0.23283038575603446,0.9603916983338207,0.05685697334063009,-0.37574346623370597,0.4096130844482251,1687.6967708478744,-0.20409447757390237,20.634920634920633,-0.01502515527236338,-0.029579055495488362,-0.021227742946909187,-0.03013931350461291,-0.04085483044381406,-0.020620910059351627,0.9458499476013459,1.0572501510794365,0.5852837562561035,,
0.001,1e-05,0.001,0.01,0.005,0.08,2026-01-05 00:00:00+08:00,2026-07-15 00:00:00+08:00,191 days,127.0,6.0,100000.0,98876.3139,-271.0,0.0,-1.1236861,-0.021363636242565764,0.14915997735114175,6571.0,-6842.0,852.6861,10972.498,10.467522931790263,50.0,50.0,3.0,3.0,-45.166666666666664,0.017763664727473177,4.333333333333333,2190.3333333333335,2.533553786861173,5.333333333333333,-2280.6666666666665,-2.498026457406227,3.3333333333333335,3231.0,3.617857502771339,4.0,-3969.0,-4.068265682656827,3.0,2.0,3.0,-0.1432263306950833,-0.23283038575603446,0.9603916983338207,0.05685697334063009,-0.37574346623370597,0.4096130844482251,1687.6967708478744,-0.20409447757390237,20.634920634920633,-0.01502515527236338,-0.029579055495488362,-0.021227742946909187,-0.03013931350461291,-0.04085483044381406,-0.020620910059351627,0.9458499476013459,1.0572501510794365,0.6418421268463135,,
0.001,1e-06,0.1,0.01,0.005,0.03,2026-01-05 00:00:00+08:00,2026-07-15 00:00:00+08:00,191 days,127.0,5.0,100000.0,98657.3317,-3825.0,3240.0,-1.3426683,-0.025501336531467356,0.13040876477598867,3231.0,-7056.0,757.6683,11666.8762,11.129944536408942,20.0,80.0,1.0,4.0,-765.0,-0.8066711881576107,3.0,3231.0,3.617857502771339,4.0,-1764.0,-1.9128033608898487,2.75,3231.0,3.617857502771339,4.0,-3141.0,-3.338435048785154,2.0,1.0,4.0,-0.1955492529606626,-0.3250765260802249,0.45790816326530615,0.053527349884163314,-0.47641694548028096,0.49921533436620236,1739.863492362062,-0.2291236622792311,17.46031746031746,-0.013553961944479631,-0.020137166592860824,-0.017855940137507506,-0.02565208774911288,-0.766013247731081,-0.23676880222841223,0.9458499476013459,1.0572501510794365,0.6985683441162109,,
0.001,1e-06,0.1,0.01,0.005,0.05,2026-01-05 00:00:00+08:00,2026-07-15 00:00:00+08:00,191 days,127.0,5.0,100000.0,98657.3317,-3825.0,3240.0,-1.3426683,-0.025501336531467356,0.13040876477598867,3231.0,-7056.0,757.6683,11666.8762,11.129944536408942,20.0,80.0,1.0,4.0,-765.0,-0.8066711881576107,3.0,3231.0,3.617857502771339,4.0,-1764.0,-1.9128033608898487,2.75,3231.0,3.617857502771339,4.0,-3141.0,-3.338435048785154,2.0,1.0,4.0,-0.1955492529606626,-0.3250765260802249,0.45790816326530615,0.053527349884163314,-0.47641694548028096,0.49921533436620236,1739.863492362062,-0.2291236622792311,17.46031746031746,-0.013553961944479631,-0.020137166592860824,-0.017855940137507506,-0.02565208774911288,-0.766013247731081,-0.23676880222841223,0.9458499476013459,1.0572501510794365,0.663444995880127,,
0.001,1e-06,0.1,0.01,0.005,0.08,2026-01-05 00:00:00+08:00,2026-07-15 00:00:00+08:00,191 days,127.0,5.0,100000.0,98657.3317,-3825.0,3240.0,-1.3426683,-0.025501336531467356,0.13040876477598867,3231.0,-7056.0,757.6683,11666.8762,11.129944536408942,20.0,80.0,1.0,4.0,-765.0,-0.8066711881576107,3.0,3231.0,3.617857502771339,4.0,-1764.0,-1.9128033608898487,2.75,3231.0,3.617857502771339,4.0,-3141.0,-3.338435048785154,2.0,1.0,4.0,-0.1955492529606626,-0.3250765260802249,0.45790816326530615,0.053527349884163314,-0.47641694548028096,0.49921533436620236,1739.863492362062,-0.2291236622792311,17.46031746031746,-0.013553961944479631,-0.020137166592860824,-0.017855940137507506,-0.02565208774911288,-0.766013247731081,-0.23676880222841223,0.9458499476013459,1.0572501510794365,0.6532604694366455,,
0.001,1e-05,0.001,0.03,0.005,0.03,2026-01-05 00:00:00+08:00,2026-07-15 00:00:00+08:00,191 days,127.0,4.0,100000.0,98657.9845,-761.0,0.0,-1.3420155,-0.02548901420149241,0.11088447674760082,3231.0,-3992.0,581.0155,7201.157,6.835972609753925,25.0,75.0,1.0,3.0,-190.25,-0.17158749524884906,4.0,3231.0,3.617857502771339,4.0,-1330.6666666666667,-1.4347358279222453,4.0,3231.0,3.617857502771339,4.0,-3141.0,-3.338435048785154,2.0,1.0,3.0,-0.22986999577507505,-0.3740021878542884,0.80936873747495,0.0360837019995188,-0.7063857860768368,0.03423748422860473,1550.0527317810095,-0.3728659498302165,12.698412698412698,-0.009329767415970885,-0.019788514710566894,-0.01672461795526067,-0.024715478849393804,-0.16702127328856325,-0.05888269885484376,0.9138211860512012,1.0943059925336094,0.6550958156585693,,
0.001,1e-05,0.001,0.03,0.005,0.05,2026-01-05 00:00:00+08:00,2026-07-15 00:00:00+08:00,191 days,127.0,4.0,100000.0,98657.9845,-761.0,0.0,-1.3420155,-0.02548901420149241,0.11088447674760082,3231.0,-3992.0,581.0155,7201.157,6.835972609753925,25.0,75.0,1.0,3.0,-190.25,-0.17158749524884906,4.0,3231.0,3.617857502771339,4.0,-1330.6666666666667,-1.4347358279222453,4.0,3231.0,3.617857502771339,4.0,-3141.0,-3.338435048785154,2.0,1.0,3.0,-0.22986999577507505,-0.3740021878542884,0.80936873747495,0.0360837019995188,-0.7063857860768368,0.03423748422860473,1550.0527317810095,-0.3728659498302165,12.698412698412698,-0.009329767415970885,-0.019788514710566894,-0.01672461795526067,-0.024715478849393804,-0.16702127328856325,-0.05888269885484376,0.9138211860512012,1.0943059925336094,0.6125543117523193,,
0.001,1e-05,0.001,0.03,0.005,0.08,2026-01-05 00:00:00+08:00,2026-07-15 00:00:00+08:00,191 days,127.0,4.0,100000.0,98657.9845,-761.0,0.0,-1.3420155,-0.02548901420149241,0.11088447674760082,3231.0,-3992.0,581.0155,7201.157,6.835972609753925,25.0,75.0,1.0,3.0,-190.25,-0.17158749524884906,4.0,3231.0,3.617857502771339,4.0,-1330.6666666666667,-1.4347358279222453,4.0,3231.0,3.617857502771339,4.0,-3141.0,-3.338435048785154,2.0,1.0,3.0,-0.22986999577507505,-0.3740021878542884,0.80936873747495,0.0360837019995188,-0.7063857860768368,0.03423748422860473,1550.0527317810095,-0.3728659498302165,12.698412698412698,-0.009329767415970885,-0.019788514710566894,-0.01672461795526067,-0.024715478849393804,-0.16702127328856325,-0.05888269885484376,0.9138211860512012,1.0943059925336094,0.6088964939117432,,
1e-05,0.0001,0.01,0.03,0.005,0.03,2026-01-05 00:00:00+08:00,2026-07-15 00:00:00+08:00,191 days,127.0,6.0,100000.0,97494.7735,-1651.0,0.0,-2.5052265,-0.04732802811666825,0.13211565883705223,6341.0,-7992.0,854.2265,10819.314,10.270645975407449,33.33333333333333,66.66666666666666,2.0,4.0,-275.1666666666667,-0.2543151920080841,3.1666666666666665,3170.5,3.6660886701722455,4.5,-1998.0,-2.214517123098249,2.5,3231.0,3.617857502771339,4.0,-3141.0,-3.338435048785154,2.0,1.0,4.0,-0.35823178367555447,-0.61627976551397,0.7934184184184185,0.052535798263840625,-0.9008719707461497,0.2826182499358548,2435.784323465098,-0.46080867970712713,15.079365079365079,-0.013020347838490784,-0.023451854097971785,-0.01787170503524573,-0.024153222474807154,-0.2578199207307987,-0.08678967565578521,0.9138211860512012,1.0943059925336094,0.6833629608154297,,
1e-05,0.0001,0.01,0.03,0.005,0.05,2026-01-05 00:00:00+08:00,2026-07-15 00:00:00+08:00,191 days,127.0,6.0,100000.0,97494.7735,-1651.0,0.0,-2.5052265,-0.04732802811666825,0.13211565883705223,6341.0,-7992.0,854.2265,10819.314,10.270645975407449,33.33333333333333,66.66666666666666,2.0,4.0,-275.1666666666667,-0.2543151920080841,3.1666666666666665,3170.5,3.6660886701722455,4.5,-1998.0,-2.214517123098249,2.5,3231.0,3.617857502771339,4.0,-3141.0,-3.338435048785154,2.0,1.0,4.0,-0.35823178367555447,-0.61627976551397,0.7934184184184185,0.052535798263840625,-0.9008719707461497,0.2826182499358548,2435.784323465098,-0.46080867970712713,15.079365079365079,-0.013020347838490784,-0.023451854097971785,-0.01787170503524573,-0.024153222474807154,-0.2578199207307987,-0.08678967565578521,0.9138211860512012,1.0943059925336094,0.714461088180542,,
1e-05,0.0001,0.01,0.03,0.005,0.08,2026-01-05 00:00:00+08:00,2026-07-15 00:00:00+08:00,191 days,127.0,6.0,100000.0,97494.7735,-1651.0,0.0,-2.5052265,-0.04732802811666825,0.13211565883705223,6341.0,-7992.0,854.2265,10819.314,10.270645975407449,33.33333333333333,66.66666666666666,2.0,4.0,-275.1666666666667,-0.2543151920080841,3.1666666666666665,3170.5,3.6660886701722455,4.5,-1998.0,-2.214517123098249,2.5,3231.0,3.617857502771339,4.0,-3141.0,-3.338435048785154,2.0,1.0,4.0,-0.35823178367555447,-0.61627976551397,0.7934184184184185,0.052535798263840625,-0.9008719707461497,0.2826182499358548,2435.784323465098,-0.46080867970712713,15.079365079365079,-0.013020347838490784,-0.023451854097971785,-0.01787170503524573,-0.024153222474807154,-0.2578199207307987,-0.08678967565578521,0.9138211860512012,1.0943059925336094,0.8396761417388916,,
0.001,1e-05,0.001,0.02,0.005,0.03,2026-01-05 00:00:00+08:00,2026-07-15 00:00:00+08:00,191 days,127.0,4.0,100000.0,97797.7265,-1621.0,0.0,-2.2022735,-0.041662883270426665,0.11181090272488263,3231.0,-4852.0,581.2735,8061.415,7.6526052877141035,25.0,75.0,1.0,3.0,-405.25,-0.4123369906650935,4.25,3231.0,3.617857502771339,4.0,-1617.3333333333333,-1.7557351551439047,4.333333333333333,3231.0,3.617857502771339,4.0,-3141.0,-3.338435048785154,2.0,1.0,3.0,-0.372619147641985,-0.6007728022112281,0.6659109645507009,0.036971398619719466,-1.1268949735703235,0.05440558423430464,1593.7019746255608,-0.5444274427339727,13.492063492063492,-0.010109309096592961,-0.019788514710566894,-0.01668089178493263,-0.024841691362696393,-0.3431751097538025,-0.12542556484060657,0.9138211860512012,1.0943059925336094,0.7193787097930908,,
0.001,1e-05,0.001,0.02,0.005,0.05,2026-01-05 00:00:00+08:00,2026-07-15 00:00:00+08:00,191 days,127.0,4.0,100000.0,97797.7265,-1621.0,0.0,-2.2022735,-0.041662883270426665,0.11181090272488263,3231.0,-4852.0,581.2735,8061.415,7.6526052877141035,25.0,75.0,1.0,3.0,-405.25,-0.4123369906650935,4.25,3231.0,3.617857502771339,4.0,-1617.3333333333333,-1.7557351551439047,4.333333333333333,3231.0,3.617857502771339,4.0,-3141.0,-3.338435048785154,2.0,1.0,3.0,-0.372619147641985,-0.6007728022112281,0.6659109645507009,0.036971398619719466,-1.1268949735703235,0.05440558423430464,1593.7019746255608,-0.5444274427339727,13.492063492063492,-0.010109309096592961,-0.019788514710566894,-0.01668089178493263,-0.024841691362696393,-0.3431751097538025,-0.12542556484060657,0.9138211860512012,1.0943059925336094,0.6462817192077637,,
0.001,1e-05,0.001,0.02,0.005,0.08,2026-01-05 00:00:00+08:00,2026-07-15 00:00:00+08:00,191 days,127.0,4.0,100000.0,97797.7265,-1621.0,0.0,-2.2022735,-0.041662883270426665,0.11181090272488263,3231.0,-4852.0,581.2735,8061.415,7.6526052877141035,25.0,75.0,1.0,3.0,-405.25,-0.4123369906650935,4.25,3231.0,3.617857502771339,4.0,-1617.3333333333333,-1.7557351551439047,4.333333333333333,3231.0,3.617857502771339,4.0,-3141.0,-3.338435048785154,2.0,1.0,3.0,-0.372619147641985,-0.6007728022112281,0.6659109645507009,0.036971398619719466,-1.1268949735703235,0.05440558423430464,1593.7019746255608,-0.5444274427339727,13.492063492063492,-0.010109309096592961,-0.019788514710566894,-0.01668089178493263,-0.024841691362696393,-0.3431751097538025,-0.12542556484060657,0.9138211860512012,1.0943059925336094,0.6120007038116455,,
1e-05,1e-05,0.001,0.03,0.01,0.03,2026-01-05 00:00:00+08:00,2026-07-15 00:00:00+08:00,191 days,127.0,6.0,100000.0,97024.0563,-2143.0,0.0,-2.9759437,-0.0560985478337912,0.144241216747904,4744.0,-6887.0,832.9437,10822.0756,10.324023254555877,33.33333333333333,66.66666666666666,2.0,4.0,-357.1666666666667,-0.3993626971922308,3.8333333333333335,2372.0,2.773846375360911,6.0,-1721.75,-1.9859672334688014,2.75,3160.0,3.774035590588797,7.0,-2792.0,-3.338435048785154,2.0,1.0,4.0,-0.3889217596648316,-0.6683806081449243,0.688834035138667,0.058323665816704895,-0.9618487975377504,0.4916263298517488,1926.74261043741,-0.543378743447091,18.253968253968253,-0.013035052335687901,-0.02382305093833,-0.018359828586764767,-0.026974318367355015,-0.40920514634946714,-0.15057616638561006,0.915993524672377,1.0917107742193586,0.6484496593475342,,
1e-05,1e-05,0.001,0.03,0.01,0.05,2026-01-05 00:00:00+08:00,2026-07-15 00:00:00+08:00,191 days,127.0,6.0,100000.0,97024.0563,-2143.0,0.0,-2.9759437,-0.0560985478337912,0.144241216747904,4744.0,-6887.0,832.9437,10822.0756,10.324023254555877,33.33333333333333,66.66666666666666,2.0,4.0,-357.1666666666667,-0.3993626971922308,3.8333333333333335,2372.0,2.773846375360911,6.0,-1721.75,-1.9859672334688014,2.75,3160.0,3.774035590588797,7.0,-2792.0,-3.338435048785154,2.0,1.0,4.0,-0.3889217596648316,-0.6683806081449243,0.688834035138667,0.058323665816704895,-0.9618487975377504,0.4916263298517488,1926.74261043741,-0.543378743447091,18.253968253968253,-0.013035052335687901,-0.02382305093833,-0.018359828586764767,-0.026974318367355015,-0.40920514634946714,-0.15057616638561006,0.915993524672377,1.0917107742193586,0.6382870674133301,,
1e-05,1e-05,0.001,0.03,0.01,0.08,2026-01-05 00:00:00+08:00,2026-07-15 00:00:00+08:00,191 days,127.0,6.0,100000.0,97024.0563,-2143.0,0.0,-2.9759437,-0.0560985478337912,0.144241216747904,4744.0,-6887.0,832.9437,10822.0756,10.324023254555877,33.33333333333333,66.66666666666666,2.0,4.0,-357.1666666666667,-0.3993626971922308,3.8333333333333335,2372.0,2.773846375360911,6.0,-1721.75,-1.9859672334688014,2.75,3160.0,3.774035590588797,7.0,-2792.0,-3.338435048785154,2.0,1.0,4.0,-0.3889217596648316,-0.6683806081449243,0.688834035138667,0.058323665816704895,-0.9618487975377504,0.4916263298517488,1926.74261043741,-0.543378743447091,18.253968253968253,-0.013035052335687901,-0.02382305093833,-0.018359828586764767,-0.026974318367355015,-0.40920514634946714,-0.15057616638561006,0.915993524672377,1.0917107742193586,0.6813488006591797,,
0.0001,0.0001,0.01,0.03,0.01,0.03,2026-01-05 00:00:00+08:00,2026-07-15 00:00:00+08:00,191 days,127.0,6.0,100000.0,97024.0563,-2143.0,0.0,-2.9759437,-0.0560985478337912,0.144241216747904,4744.0,-6887.0,832.9437,10822.0756,10.324023254555877,33.33333333333333,66.66666666666666,2.0,4.0,-357.1666666666667,-0.3993626971922308,3.8333333333333335,2372.0,2.773846375360911,6.0,-1721.75,-1.9859672334688014,2.75,3160.0,3.774035590588797,7.0,-2792.0,-3.338435048785154,2.0,1.0,4.0,-0.3889217596648316,-0.6683806081449243,0.688834035138667,0.058323665816704895,-0.9618487975377504,0.4916263298517488,1926.74261043741,-0.543378743447091,18.253968253968253,-0.013035052335687901,-0.02382305093833,-0.018359828586764767,-0.026974318367355015,-0.40920514634946714,-0.15057616638561006,0.915993524672377,1.0917107742193586,0.6191675662994385,,
0.0001,0.0001,0.01,0.03,0.01,0.05,2026-01-05 00:00:00+08:00,2026-07-15 00:00:00+08:00,191 days,127.0,6.0,100000.0,97024.0563,-2143.0,0.0,-2.9759437,-0.0560985478337912,0.144241216747904,4744.0,-6887.0,832.9437,10822.0756,10.324023254555877,33.33333333333333,66.66666666666666,2.0,4.0,-357.1666666666667,-0.3993626971922308,3.8333333333333335,2372.0,2.773846375360911,6.0,-1721.75,-1.9859672334688014,2.75,3160.0,3.774035590588797,7.0,-2792.0,-3.338435048785154,2.0,1.0,4.0,-0.3889217596648316,-0.6683806081449243,0.688834035138667,0.058323665816704895,-0.9618487975377504,0.4916263298517488,1926.74261043741,-0.543378743447091,18.253968253968253,-0.013035052335687901,-0.02382305093833,-0.018359828586764767,-0.026974318367355015,-0.40920514634946714,-0.15057616638561006,0.915993524672377,1.0917107742193586,0.6458725929260254,,
0.0001,0.0001,0.01,0.03,0.01,0.08,2026-01-05 00:00:00+08:00,2026-07-15 00:00:00+08:00,191 days,127.0,6.0,100000.0,97024.0563,-2143.0,0.0,-2.9759437,-0.0560985478337912,0.144241216747904,4744.0,-6887.0,832.9437,10822.0756,10.324023254555877,33.33333333333333,66.66666666666666,2.0,4.0,-357.1666666666667,-0.3993626971922308,3.8333333333333335,2372.0,2.773846375360911,6.0,-1721.75,-1.9859672334688014,2.75,3160.0,3.774035590588797,7.0,-2792.0,-3.338435048785154,2.0,1.0,4.0,-0.3889217596648316,-0.6683806081449243,0.688834035138667,0.058323665816704895,-0.9618487975377504,0.4916263298517488,1926.74261043741,-0.543378743447091,18.253968253968253,-0.013035052335687901,-0.02382305093833,-0.018359828586764767,-0.026974318367355015,-0.40920514634946714,-0.15057616638561006,0.915993524672377,1.0917107742193586,0.9907770156860352,,
0.0001,1e-05,0.001,0.03,0.01,0.03,2026-01-05 00:00:00+08:00,2026-07-15 00:00:00+08:00,191 days,127.0,6.0,100000.0,96357.7413,-2809.0,0.0,-3.6422586999999997,-0.06844736536168561,0.14463246386896478,4744.0,-7553.0,833.2587,11488.3906,10.959673180606977,33.33333333333333,66.66666666666666,2.0,4.0,-468.1666666666667,-0.5146964047937823,3.5,2372.0,2.773846375360911,6.0,-1888.25,-2.158967794871129,2.25,3160.0,3.774035590588797,7.0,-2792.0,-3.338435048785154,2.0,1.0,4.0,-0.47325035839601043,-0.8109489284232431,0.6280947967694955,0.06274519878728776,-1.0908781338589544,0.5501655995158931,1984.8724795815613,-0.6245383802393166,16.666666666666664,-0.01287851996302476,-0.02400637632225429,-0.01844053853798307,-0.02716676931468489,-0.5161701696973684,-0.19737211916807207,0.9225612448584907,1.083938877308235,0.6850488185882568,,
0.0001,1e-05,0.001,0.03,0.01,0.05,2026-01-05 00:00:00+08:00,2026-07-15 00:00:00+08:00,191 days,127.0,6.0,100000.0,96357.7413,-2809.0,0.0,-3.6422586999999997,-0.06844736536168561,0.14463246386896478,4744.0,-7553.0,833.2587,11488.3906,10.959673180606977,33.33333333333333,66.66666666666666,2.0,4.0,-468.1666666666667,-0.5146964047937823,3.5,2372.0,2.773846375360911,6.0,-1888.25,-2.158967794871129,2.25,3160.0,3.774035590588797,7.0,-2792.0,-3.338435048785154,2.0,1.0,4.0,-0.47325035839601043,-0.8109489284232431,0.6280947967694955,0.06274519878728776,-1.0908781338589544,0.5501655995158931,1984.8724795815613,-0.6245383802393166,16.666666666666664,-0.01287851996302476,-0.02400637632225429,-0.01844053853798307,-0.02716676931468489,-0.5161701696973684,-0.19737211916807207,0.9225612448584907,1.083938877308235,0.6333229541778564,,
0.0001,1e-05,0.001,0.03,0.01,0.08,2026-01-05 00:00:00+08:00,2026-07-15 00:00:00+08:00,191 days,127.0,6.0,100000.0,96357.7413,-2809.0,0.0,-3.6422586999999997,-0.06844736536168561,0.14463246386896478,4744.0,-7553.0,833.2587,11488.3906,10.959673180606977,33.33333333333333,66.66666666666666,2.0,4.0,-468.1666666666667,-0.5146964047937823,3.5,2372.0,2.773846375360911,6.0,-1888.25,-2.158967794871129,2.25,3160.0,3.774035590588797,7.0,-2792.0,-3.338435048785154,2.0,1.0,4.0,-0.47325035839601043,-0.8109489284232431,0.6280947967694955,0.06274519878728776,-1.0908781338589544,0.5501655995158931,1984.8724795815613,-0.6245383802393166,16.666666666666664,-0.01287851996302476,-0.02400637632225429,-0.01844053853798307,-0.02716676931468489,-0.5161701696973684,-0.19737211916807207,0.9225612448584907,1.083938877308235,0.6359279155731201,,
0.001,0.0001,0.01,0.03,0.01,0.03,2026-01-05 00:00:00+08:00,2026-07-15 00:00:00+08:00,191 days,127.0,6.0,100000.0,96357.7413,-2809.0,0.0,-3.6422586999999997,-0.06844736536168561,0.14463246386896478,4744.0,-7553.0,833.2587,11488.3906,10.959673180606977,33.33333333333333,66.66666666666666,2.0,4.0,-468.1666666666667,-0.5146964047937823,3.5,2372.0,2.773846375360911,6.0,-1888.25,-2.158967794871129,2.25,3160.0,3.774035590588797,7.0,-2792.0,-3.338435048785154,2.0,1.0,4.0,-0.47325035839601043,-0.8109489284232431,0.6280947967694955,0.06274519878728776,-1.0908781338589544,0.5501655995158931,1984.8724795815613,-0.6245383802393166,16.666666666666664,-0.01287851996302476,-0.02400637632225429,-0.01844053853798307,-0.02716676931468489,-0.5161701696973684,-0.19737211916807207,0.9225612448584907,1.083938877308235,0.6703934669494629,,
0.001,0.0001,0.01,0.03,0.01,0.05,2026-01-05 00:00:00+08:00,2026-07-15 00:00:00+08:00,191 days,127.0,6.0,100000.0,96357.7413,-2809.0,0.0,-3.6422586999999997,-0.06844736536168561,0.14463246386896478,4744.0,-7553.0,833.2587,11488.3906,10.959673180606977,33.33333333333333,66.66666666666666,2.0,4.0,-468.1666666666667,-0.5146964047937823,3.5,2372.0,2.773846375360911,6.0,-1888.25,-2.158967794871129,2.25,3160.0,3.774035590588797,7.0,-2792.0,-3.338435048785154,2.0,1.0,4.0,-0.47325035839601043,-0.8109489284232431,0.6280947967694955,0.06274519878728776,-1.0908781338589544,0.5501655995158931,1984.8724795815613,-0.6245383802393166,16.666666666666664,-0.01287851996302476,-0.02400637632225429,-0.01844053853798307,-0.02716676931468489,-0.5161701696973684,-0.19737211916807207,0.9225612448584907,1.083938877308235,0.8641600608825684,,
0.001,0.0001,0.01,0.03,0.01,0.08,2026-01-05 00:00:00+08:00,2026-07-15 00:00:00+08:00,191 days,127.0,6.0,100000.0,96357.7413,-2809.0,0.0,-3.6422586999999997,-0.06844736536168561,0.14463246386896478,4744.0,-7553.0,833.2587,11488.3906,10.959673180606977,33.33333333333333,66.66666666666666,2.0,4.0,-468.1666666666667,-0.5146964047937823,3.5,2372.0,2.773846375360911,6.0,-1888.25,-2.158967794871129,2.25,3160.0,3.774035590588797,7.0,-2792.0,-3.338435048785154,2.0,1.0,4.0,-0.47325035839601043,-0.8109489284232431,0.6280947967694955,0.06274519878728776,-1.0908781338589544,0.5501655995158931,1984.8724795815613,-0.6245383802393166,16.666666666666664,-0.01287851996302476,-0.02400637632225429,-0.01844053853798307,-0.02716676931468489,-0.5161701696973684,-0.19737211916807207,0.9225612448584907,1.083938877308235,0.6582961082458496,,
1e-05,0.0001,0.01,0.03,0.01,0.03,2026-01-05 00:00:00+08:00,2026-07-15 00:00:00+08:00,191 days,127.0,6.0,100000.0,94575.3219,-4591.0,0.0,-5.4246781,-0.10109963575662928,0.15084052215864596,4744.0,-9335.0,833.6781,13270.81,12.66006227555763,33.33333333333333,66.66666666666666,2.0,4.0,-765.1666666666666,-0.856880315089748,4.0,2372.0,2.773846375360911,6.0,-2333.75,-2.6722436603150777,3.0,3160.0,3.774035590588797,7.0,-2792.0,-3.338435048785154,2.0,1.0,4.0,-0.6702418840097764,-1.0934117009257067,0.5081949651847885,0.06823063860618368,-1.4817336877082476,0.5727547422915511,2346.757264157746,-0.7985713936954248,19.047619047619047,-0.013425876938082632,-0.025599556861625496,-0.020360572044073287,-0.028239722947055148,-0.8184606575132487,-0.3225829117481732,0.9202615936833219,1.0866475433333334,0.730292558670044,,
1e-05,0.0001,0.01,0.03,0.01,0.05,2026-01-05 00:00:00+08:00,2026-07-15 00:00:00+08:00,191 days,127.0,6.0,100000.0,94575.3219,-4591.0,0.0,-5.4246781,-0.10109963575662928,0.15084052215864596,4744.0,-9335.0,833.6781,13270.81,12.66006227555763,33.33333333333333,66.66666666666666,2.0,4.0,-765.1666666666666,-0.856880315089748,4.0,2372.0,2.773846375360911,6.0,-2333.75,-2.6722436603150777,3.0,3160.0,3.774035590588797,7.0,-2792.0,-3.338435048785154,2.0,1.0,4.0,-0.6702418840097764,-1.0934117009257067,0.5081949651847885,0.06823063860618368,-1.4817336877082476,0.5727547422915511,2346.757264157746,-0.7985713936954248,19.047619047619047,-0.013425876938082632,-0.025599556861625496,-0.020360572044073287,-0.028239722947055148,-0.8184606575132487,-0.3225829117481732,0.9202615936833219,1.0866475433333334,0.7642576694488525,,
1e-05,0.0001,0.01,0.03,0.01,0.08,2026-01-05 00:00:00+08:00,2026-07-15 00:00:00+08:00,191 days,127.0,6.0,100000.0,94575.3219,-4591.0,0.0,-5.4246781,-0.10109963575662928,0.15084052215864596,4744.0,-9335.0,833.6781,13270.81,12.66006227555763,33.33333333333333,66.66666666666666,2.0,4.0,-765.1666666666666,-0.856880315089748,4.0,2372.0,2.773846375360911,6.0,-2333.75,-2.6722436603150777,3.0,3160.0,3.774035590588797,7.0,-2792.0,-3.338435048785154,2.0,1.0,4.0,-0.6702418840097764,-1.0934117009257067,0.5081949651847885,0.06823063860618368,-1.4817336877082476,0.5727547422915511,2346.757264157746,-0.7985713936954248,19.047619047619047,-0.013425876938082632,-0.025599556861625496,-0.020360572044073287,-0.028239722947055148,-0.8184606575132487,-0.3225829117481732,0.9202615936833219,1.0866475433333334,0.7345619201660156,,
